paragraph_key,chapter,paragraph_id,quote,characters_involved,clue_category,semantic_score,scene_cluster
23:4,23,4,"The dreadful suspicion of Jasper, which Rosa was so shocked to have received into her imagination, appeared to have no harbour in Mr. Crisparkle’s. If it ever haunted Helena’s thoughts or Neville’s, neither gave it one spoken word of utterance. Mr. Grewgious took no pains to conceal his implacable dislike of Jasper, yet he never referred it, however distantly, to such a source. But he was a reticent as well as an eccentric man; and he made no mention of a certain evening when he warmed his hands at the gatehouse fire, and looked steadily down upon a certain heap of torn and miry clothes upon the floor.",John Jasper; Rosa Bud; Mr. Crisparkle; Neville Landless; Helena Landless,behavior_after_disappearance,0.6061,1
16:31,16,31,"This fairness troubled the Minor Canon much. He felt that he was not as open in his own dealing. He charged against himself reproachfully that he had suppressed, so far, the two points of a second strong outbreak of temper against Edwin Drood on the part of Neville, and of the passion of jealousy having, to his own certain knowledge, flamed up in Neville’s breast against him. He was convinced of Neville’s innocence of any part in the ugly disappearance; and yet so many little circumstances combined so wofully against him, that he dreaded to add two more to their cumulative weight. He was among the truest of men; but he had been balancing in his mind, much to its distress, whether his volunte",Edwin Drood; Neville Landless,Neville_as_false_suspect,0.5948,5
8:29,8,29,"“And with all mine, Mr. Jasper.” Neville feels it impossible to say less, but would rather not go. He has an impression upon him that he has lost hold of his temper; feels that Edwin Drood’s coolness, so far from being infectious, makes him red-hot.",John Jasper; Neville Landless; Edwin Drood,behavior_after_disappearance,0.5933,5
10:87,10,87,"“I know that you are not prepossessed in Mr. Neville’s favour,” the Minor Canon was going on, when Jasper stopped him:",John Jasper; Neville Landless,behavior_after_disappearance,0.5925,5
10:7,10,7,"Mr. Neville, on that unfortunate occasion, commits himself under provocation.”",Neville Landless,Neville_as_false_suspect,0.59,5
9:97,9,97,"“I am glad you say so. Because,” proceeded Mr. Grewgious, who had all this time very knowingly felt his way round to action on his remembrance of what she had said of Jasper himself: “because she seems to have some little delicate instinct that all preliminary arrangements had best be made between Mr. Edwin Drood and herself, don’t you see? She don’t want us, don’t you know?”",Edwin Drood; John Jasper,behavior_after_disappearance,0.5748,7
23:1,23,1,"Although Mr. Crisparkle and John Jasper met daily under the Cathedral roof, nothing at any time passed between them having reference to Edwin Drood, after the time, more than half a year gone by, when Jasper mutely showed the Minor Canon the conclusion and the resolution entered in his Diary. It is not likely that they ever met, though so often, without the thoughts of each reverting to the subject. It is not likely that they ever met, though so often, without a sensation on the part of each that the other was a perplexing secret to him. Jasper as the denouncer and pursuer of Neville Landless, and Mr. Crisparkle as his consistent advocate and protector, must at least have stood sufficiently ",Edwin Drood; John Jasper; Mr. Crisparkle; Neville Landless,behavior_after_disappearance,0.5745,1
8:45,8,45,"“Look at him,” cries Jasper, stretching out his hand admiringly and tenderly, though rallyingly too. “See where he lounges so easily, Mr. Neville! The world is all before him where to choose. A life of stirring work and interest, a life of change and excitement, a life of domestic ease and love!",John Jasper; Neville Landless,behavior_after_disappearance,0.5736,5
16:32,16,32,"However, here was a model before him. He hesitated no longer. Addressing Mr. Grewgious, as one placed in authority by the revelation he had brought to bear on the mystery (and surpassingly Angular Mr. Grewgious became when he found himself in that unexpected position), Mr. Crisparkle bore his testimony to Mr. Jasper’s strict sense of justice, and, expressing his absolute confidence in the complete clearance of his pupil from the least taint of suspicion, sooner or later, avowed that his confidence in that young gentleman had been formed, in spite of his confidential knowledge that his temper was of the hottest and fiercest, and that it was directly incensed against Mr. Jasper’s nephew, by th",John Jasper; Mr. Crisparkle,behavior_after_disappearance,0.5719,3
16:47,16,47,"On the suspicions thus urged and supported, Neville was detained, and re-detained, and the search was pressed on every hand, and Jasper laboured night and day. But nothing more was found. No discovery being made, which proved the lost man to be dead, it at length became necessary to release the person suspected of having made away with him. Neville was set at large. Then, a consequence ensued which Mr. Crisparkle had too well foreseen. Neville must leave the place, for the place shunned him and cast him out. Even had it not been so, the dear old china shepherdess would have worried herself to death with fears for her son, and with general trepidation occasioned by their having such an inmate",John Jasper; Neville Landless; Mr. Crisparkle,behavior_after_disappearance,0.5693,5
20:3,20,3,"Rosa’s mind throughout the last six months had been stormily confused. A half-formed, wholly unexpressed suspicion tossed in it, now heaving itself up, and now sinking into the deep; now gaining palpability, and now losing it. Jasper’s self-absorption in his nephew when he was alive, and his unceasing pursuit of the inquiry how he came by his death, if he were dead, were themes so rife in the place, that no one appeared able to suspect the possibility of foul play at his hands. She had asked herself the question, “Am I so wicked in my thoughts as to conceive a wickedness that others cannot imagine?” Then she had considered, Did the suspicion come of her previous recoiling from him before the",Rosa Bud; John Jasper,behavior_after_disappearance,0.5648,0
4:35,4,35,"Mr. Jasper complying, sees and reads as follows:",John Jasper,behavior_after_disappearance,0.542,4
12:53,12,53,"The echoes were favourable at those points, but as the two approach, the sound of their talking becomes confused again. The word “confidence,” shattered by the echoes, but still capable of being pieced together, is uttered by Mr. Crisparkle. As they draw still nearer, this fragment of a reply is heard: “Not deserved yet, but shall be, sir.” As they turn away again, Jasper again hears his own name, in connection with the words from Mr. Crisparkle: “Remember that I said I answered for you confidently.” Then the sound of their talk becomes confused again; they halting for a little while, and some earnest action on the part of Neville succeeding. When they move once more, Mr. Crisparkle is seen ",Mr. Crisparkle; John Jasper; Neville Landless,behavior_after_disappearance,0.542,1
12:50,12,50,"Durdles nods assent, and falls to munching some fragments from his bundle. Jasper folds his arms upon the top of the wall, and, with his chin resting on them, watches. He takes no note whatever of the Minor Canon, but watches Neville, as though his eye were at the trigger of a loaded rifle, and he had covered him, and were going to fire. A sense of destructive power is so expressed in his face, that even Durdles pauses in his munching, and looks at him, with an unmunched something in his cheek.",Durdles; John Jasper; Neville Landless,behavior_after_disappearance,0.5415,6
16:20,16,20,"“When I had, and could have, no suspicion,” pursued Jasper, eagerly following the new track, “that the dear lost boy had withheld anything from me—most of all, such a leading matter as this—what gleam of light was there for me in the whole black sky? When I supposed that his intended wife was here, and his marriage close at hand, how could I entertain the possibility of his voluntarily leaving this place, in a manner that would be so unaccountable, capricious, and cruel? But now that I know what you have told me, is there no little chink through which day pierces? Supposing him to have disappeared of his own act, is not his disappearance more accountable and less cruel? The fact of his havin",John Jasper,behavior_after_disappearance,0.539,0
7:44,7,44,"“Never, Mr. Neville. He comes here visiting his relation, Mr. Jasper.”",Neville Landless; John Jasper,behavior_after_disappearance,0.5389,4
14:94,14,94,"“Why, naturally,” returns Jasper. “You had but little reason to hope that I should become more like yourself. You are always training yourself to be, mind and body, as clear as crystal, and you always are, and never change; whereas I am a muddy, solitary, moping weed. However, I have got over that mope. Shall I wait, while you ask if Mr. Neville has left for my place? If not, he and I may walk round together.”",John Jasper; Neville Landless,behavior_after_disappearance,0.5363,5
16:30,16,30,"“_I_ pray to Heaven it may turn out so!” repeated Jasper. “You know—and Mr. Grewgious should now know likewise—that I took a great prepossession against Mr. Neville Landless, arising out of his furious conduct on that first occasion. You know that I came to you, extremely apprehensive, on my dear boy’s behalf, of his mad violence. You know that I even entered in my Diary, and showed the entry to you, that I had dark forebodings against him. Mr. Grewgious ought to be possessed of the whole case. He shall not, through any suppression of mine, be informed of a part of it, and kept in ignorance of another part of it. I wish him to be good enough to understand that the communication he has made t",John Jasper; Neville Landless,behavior_after_disappearance,0.5302,7
15:35,15,35,"The bystanders looked at one another, and at Mr. Crisparkle. To whom Mr. Jasper, who had been intensely watching Neville, said, in a low, distinct, suspicious voice: “What are those stains upon his dress?”",Mr. Crisparkle; John Jasper; Neville Landless,behavior_after_disappearance,0.5293,1
23:2,23,2,"False pretence not being in the Minor Canon’s nature, he doubtless displayed openly that he would at any time have revived the subject, and even desired to discuss it. The determined reticence of Jasper, however, was not to be so approached. Impassive, moody, solitary, resolute, so concentrated on one idea, and on its attendant fixed purpose, that he would share it with no fellow-creature, he lived apart from human life. Constantly exercising an Art which brought him into mechanical harmony with others, and which could not have been pursued unless he and they had been in the nicest mechanical relations and unison, it is curious to consider that the spirit of the man was in moral accordance o",John Jasper,behavior_after_disappearance,0.5272,0
4:32,4,32,"Mr. Jasper says, with an appearance of having fallen into dreadfully low spirits, that he “supposes it was to be.”",John Jasper,behavior_after_disappearance,0.5268,4
13:8,13,8,"So many times had Rosa seen such dispersals, and so very little did she know of any other Home, that she was contented to remain where she was, and was even better contented than ever before, having her latest friend with her. And yet her latest friendship had a blank place in it of which she could not fail to be sensible. Helena Landless, having been a party to her brother’s revelation about Rosa, and having entered into that compact of silence with Mr. Crisparkle, shrank from any allusion to Edwin Drood’s name. Why she so avoided it, was mysterious to Rosa, but she perfectly perceived the fact. But for the fact, she might have relieved her own little perplexed heart of some of its doubts a",Rosa Bud; Edwin Drood; Helena Landless; Mr. Crisparkle,motive_and_obsession,0.5243,5
8:44,8,44,"Jasper sets the example of nearly emptying his glass, and Neville follows it. Edwin Drood says, “Thank you both very much,” and follows the double example.",John Jasper; Neville Landless; Edwin Drood,behavior_after_disappearance,0.5223,5
8:49,8,49,"His speech has become thick and indistinct. Jasper, quiet and self-possessed, looks to Neville, as expecting his answer or comment. When Neville speaks, _his_ speech is also thick and indistinct.",John Jasper; Neville Landless,behavior_after_disappearance,0.5215,5
10:15,10,15,"“But for Mr. Jasper’s well-bred consideration in coming up to me, next day, after service, in the Nave itself, with his gown still on, and expressing his hope that I had not been greatly alarmed or had my rest violently broken, I believe I might never have heard of that disgraceful transaction,” said the old lady.",John Jasper,behavior_after_disappearance,0.5201,4
16:28,16,28,"“I stated to Mr. Sapsea, when we waited on him,” said Jasper: as he really had done: “that there was no quarrel or difference between the two young men at their last meeting. We all know that their first meeting was unfortunately very far from amicable; but all went smoothly and quietly when they were last together at my house. My dear boy was not in his usual spirits; he was depressed—I noticed that—and I am bound henceforth to dwell upon the circumstance the more, now that I know there was a special reason for his being depressed: a reason, moreover, which may possibly have induced him to absent himself.”",John Jasper,behavior_after_disappearance,0.5196,7
15:27,15,27,“You left Mr. Jasper last night with Edwin Drood?”,Edwin Drood; John Jasper,behavior_after_disappearance,0.5189,5
15:46,15,46,"It would be difficult to determine which was the more oppressed with horror and amazement: Neville Landless, or John Jasper. But that Jasper’s position forced him to be active, while Neville’s forced him to be passive, there would have been nothing to choose between them. Each was bowed down and broken.",John Jasper; Neville Landless,behavior_after_disappearance,0.5148,5
14:36,14,36,"Edwin Drood passes a solitary day. Something of deeper moment than he had thought, has gone out of his life; and in the silence of his own chamber he wept for it last night. Though the image of Miss Landless still hovers in the background of his mind, the pretty little affectionate creature, so much firmer and wiser than he had supposed, occupies its stronghold. It is with some misgiving of his own unworthiness that he thinks of her, and of what they might have been to one another, if he had been more in earnest some time ago; if he had set a higher value on her; if, instead of accepting his lot in life as an inheritance of course, he had studied the right way to its appreciation and enhance",Edwin Drood,survival_and_disguise,0.5135,5
13:18,13,18,"“And there is no fear,” pursued Rosa, “of our quarrelling, is there? Because, Eddy,” clasping her hand on his arm, “we have so much reason to be very lenient to each other!”",Rosa Bud,motive_and_obsession,0.5128,0
12:51,12,51,"Meanwhile Mr. Crisparkle and Neville walk to and fro, quietly talking together. What they say, cannot be heard consecutively; but Mr. Jasper has already distinguished his own name more than once.",Neville Landless; Mr. Crisparkle; John Jasper,behavior_after_disappearance,0.5118,1
22:23,22,23,"“I thank him very much,” said Helena, when Rosa emerged again with her report. “Ask him whether it would be best to wait until any more maligning and pursuing of Neville on the part of this wretch shall disclose itself, or to try to anticipate it: I mean, so far as to find out whether any such goes on darkly about us?”",Rosa Bud; Neville Landless; Helena Landless,behavior_after_disappearance,0.5103,7
15:43,15,43,"They set forth on the walk back; and the others, with one exception, straggled after them at various distances. Jasper walked on the other side of Neville, and never quitted that position. He was silent, while Mr. Crisparkle more than once repeated his former questions, and while Neville repeated his former answers; also, while they both hazarded some explanatory conjectures. He was obstinately silent, because Mr. Crisparkle’s manner directly appealed to him to take some part in the discussion, and no appeal would move his fixed face. When they drew near to the city, and it was suggested by the Minor Canon that they might do well in calling on the Mayor at once, he assented with a stern nod;",John Jasper; Neville Landless; Mr. Crisparkle,behavior_after_disappearance,0.5096,1
7:55,7,55,"Jasper brought down his hands, looked over his shoulder, and begged to thank Miss Landless for her vindication of his character. Then he fell to dumbly playing, without striking the notes, while his little pupil was taken to an open window for air, and was otherwise petted and restored. When she was brought back, his place was empty. “Jack’s gone, Pussy,” Edwin told her. “I am more than half afraid he didn’t like to be charged with being the Monster who had frightened you.” But she answered never a word, and shivered, as if they had made her a little too cold.",John Jasper; Edwin Drood,behavior_after_disappearance,0.5096,0
8:47,8,47,"“See how little he heeds it all!” Jasper proceeds in a bantering vein. “It is hardly worth his while to pluck the golden fruit that hangs ripe on the tree for him. And yet consider the contrast, Mr. Neville. You and I have no prospect of stirring work and interest, or of change and excitement, or of domestic ease and love. You and I have no prospect (unless you are more fortunate than I am, which may easily be), but the tedious unchanging round of this dull place.”",John Jasper; Neville Landless,behavior_after_disappearance,0.5091,5
8:8,8,8,"Neville has made his remark in a watchfully advancing, and yet furtive and shy manner, very expressive of that peculiar air already noticed, of being at once hunter and hunted. Edwin has made his retort with an abruptness not at all polite. They stop and interchange a rather heated look.",Neville Landless; Edwin Drood,Neville_as_false_suspect,0.5084,5
23:150,23,150,APPENDIX: FRAGMENT OF ‘THE MYSTERY OF EDWIN DROOD’,Edwin Drood,survival_and_disguise,0.5077,5
20:3,20,3,"Rosa’s mind throughout the last six months had been stormily confused. A half-formed, wholly unexpressed suspicion tossed in it, now heaving itself up, and now sinking into the deep; now gaining palpability, and now losing it. Jasper’s self-absorption in his nephew when he was alive, and his unceasing pursuit of the inquiry how he came by his death, if he were dead, were themes so rife in the place, that no one appeared able to suspect the possibility of foul play at his hands. She had asked herself the question, “Am I so wicked in my thoughts as to conceive a wickedness that others cannot imagine?” Then she had considered, Did the suspicion come of her previous recoiling from him before the",Rosa Bud; John Jasper,motive_and_obsession,0.5066,0
3:48,3,48,"Rosa dear does not seem at all clear on this point, until her face, which has been comically reflective, brightens. “O, yes, Eddy; let us go for a walk! And I tell you what we’ll do. You shall pretend that you are engaged to somebody else, and I’ll pretend that I am not engaged to anybody, and then we shan’t quarrel.”",Rosa Bud,motive_and_obsession,0.5013,0
10:12,10,12,"“Blame Mr. Neville for it, Sept, and not me,” said the old lady, with stately severity.",Neville Landless,Neville_as_false_suspect,0.4968,5
19:17,19,17,"“I did love him!” cried Rosa, with a flash of anger.",Rosa Bud,motive_and_obsession,0.4965,0
23:3,23,3,"That he must know of Rosa’s abrupt departure, and that he must divine its cause, was not to be doubted. Did he suppose that he had terrified her into silence? or did he suppose that she had imparted to any one—to Mr. Crisparkle himself, for instance—the particulars of his last interview with her? Mr. Crisparkle could not determine this in his mind. He could not but admit, however, as a just man, that it was not, of itself, a crime to fall in love with Rosa, any more than it was a crime to offer to set love above revenge.",Rosa Bud; Mr. Crisparkle,motive_and_obsession,0.4953,1
11:92,11,92,"“Mr. Edwin, this rose of diamonds and rubies delicately set in gold, was a ring belonging to Miss Rosa’s mother. It was removed from her dead hand, in my presence, with such distracted grief as I hope it may never be my lot to contemplate again. Hard man as I am, I am not hard enough for that. See how bright these stones shine!” opening the case. “And yet the eyes that were so much brighter, and that so often looked upon them with a light and a proud heart, have been ashes among ashes, and dust among dust, some years! If I had any imagination (which it is needless to say I have not), I might imagine that the lasting beauty of these stones was almost cruel.”",Edwin Drood; Rosa Bud,motive_and_obsession,0.4935,0
9:16,9,16,"Now, Rosa thought of this unlucky quarrel a great deal, and thought of it with an uncomfortable feeling that she was involved in it, as cause, or consequence, or what not, through being in a false position altogether as to her marriage engagement. Never free from such uneasiness when she was with her affianced husband, it was not likely that she would be free from it when they were apart. To-day, too, she was cast in upon herself, and deprived of the relief of talking freely with her new friend, because the quarrel had been with Helena’s brother, and Helena undisguisedly avoided the subject as a delicate and difficult one to herself. At this critical time, of all times, Rosa’s guardian was a",Rosa Bud; Helena Landless,motive_and_obsession,0.4915,0
13:56,13,56,"Rosa seemed convinced. Perhaps from her own very different point of view of “Jack,” she felt comforted and protected by the interposition of Mr. Grewgious between herself and him.",Rosa Bud,motive_and_obsession,0.4888,3
7:13,7,13,"“Defence?” Mr. Crisparkle repeated. “You are not on your defence, Mr. Neville.”",Neville Landless; Mr. Crisparkle,Neville_as_false_suspect,0.4863,1
13:11,13,11,"If Rosebud in her bower now waited Edwin Drood’s coming with an uneasy heart, Edwin for his part was uneasy too. With far less force of purpose in his composition than the childish beauty, crowned by acclamation fairy queen of Miss Twinkleton’s establishment, he had a conscience, and Mr. Grewgious had pricked it. That gentleman’s steady convictions of what was right and what was wrong in such a case as his, were neither to be frowned aside nor laughed aside. They would not be moved. But for the dinner in Staple Inn, and but for the ring he carried in the breast pocket of his coat, he would have drifted into their wedding-day without another pause for real thought, loosely trusting that all w",Edwin Drood; Rosa Bud,motive_and_obsession,0.4858,2
9:12,9,12,"When she came back (being first closeted with Miss Twinkleton, in order that anything objectionable in her tidings might be retained by that discreet filter), she imparted to Rosa only, what had taken place; dwelling with a flushed cheek on the provocation her brother had received, but almost limiting it to that last gross affront as crowning “some other words between them,” and, out of consideration for her new friend, passing lightly over the fact that the other words had originated in her lover’s taking things in general so very easily. To Rosa direct, she brought a petition from her brother that she would forgive him; and, having delivered it with sisterly earnestness, made an end of the",Rosa Bud,motive_and_obsession,0.4837,2
11:37,11,37,Edwin coloured a little as he explained: “I call Rosa Pussy.”,Edwin Drood; Rosa Bud,motive_and_obsession,0.4776,0
11:65,11,65,"“Mr. Edwin will correct it where it’s wrong,” resumed Mr. Grewgious, “and will throw in a few touches from the life. I dare say it is wrong in many particulars, and wants many touches from the life, for I was born a Chip, and have neither soft sympathies nor soft experiences. I hazard the guess that the true lover’s mind is completely permeated by the beloved object of his affections. I hazard the guess that her dear name is precious to him, cannot be heard or repeated without emotion, and is preserved sacred. If he has any distinguishing appellation of fondness for her, it is reserved for her, and is not for common ears. A name that it would be a privilege to call her by, being alone with h",Edwin Drood,motive_and_obsession,0.4775,0
11:39,11,39,"Edwin glanced at his face, uncertain whether or no he seriously objected to the appellation. But Edwin might as well have glanced at the face of a clock.",Edwin Drood,survival_and_disguise,0.4765,5
23:154,23,154,[Illustration: Facsimile of a page of the manuscript of “The Mystery of Edwin Drood”],Edwin Drood,survival_and_disguise,0.4764,5
13:54,13,54,"“Why, sister Rosa, sister Rosa, what do you see from the turret?” said Edwin, rallying her. “My dear girl!”",Edwin Drood; Rosa Bud,motive_and_obsession,0.4717,7
10:46,10,46,"Before the worthy Minor Canon was quite ready with his argument in reference to this nice distinction, Neville struck in:",Neville Landless,Neville_as_false_suspect,0.4715,5
16:47,16,47,"On the suspicions thus urged and supported, Neville was detained, and re-detained, and the search was pressed on every hand, and Jasper laboured night and day. But nothing more was found. No discovery being made, which proved the lost man to be dead, it at length became necessary to release the person suspected of having made away with him. Neville was set at large. Then, a consequence ensued which Mr. Crisparkle had too well foreseen. Neville must leave the place, for the place shunned him and cast him out. Even had it not been so, the dear old china shepherdess would have worried herself to death with fears for her son, and with general trepidation occasioned by their having such an inmate",John Jasper; Neville Landless; Mr. Crisparkle,Neville_as_false_suspect,0.4705,5
7:70,7,70,"“_We_ are,” said Rosa, answering as if she had spoken. “We are such a ridiculous couple. And we are always quarrelling.”",Rosa Bud,motive_and_obsession,0.4689,7
7:15,7,15,"“Well, Mr. Neville,” was the rejoinder. “What if you leave me to find it out?”",Neville Landless,Neville_as_false_suspect,0.4681,5
17:50,17,50,"“Rally, rally!” urged the other, in a stimulating tone. “Fight for it, Neville!”",Neville Landless,Neville_as_false_suspect,0.4666,5
8:29,8,29,"“And with all mine, Mr. Jasper.” Neville feels it impossible to say less, but would rather not go. He has an impression upon him that he has lost hold of his temper; feels that Edwin Drood’s coolness, so far from being infectious, makes him red-hot.",John Jasper; Neville Landless; Edwin Drood,Neville_as_false_suspect,0.4649,5
23:110,23,110,"“And the young gentleman’s name,” she adds, “was Edwin.”",Edwin Drood,survival_and_disguise,0.4615,5
10:56,10,56,"“She has tried, sir, but uselessly. Husband or no husband, that fellow is incapable of the feeling with which I am inspired towards the beautiful young creature whom he treats like a doll. I say he is as incapable of it, as he is unworthy of her. I say she is sacrificed in being bestowed upon him. I say that I love her, and despise and hate him!” This with a face so flushed, and a gesture so violent, that his sister crossed to his side, and caught his arm, remonstrating, “Neville, Neville!”",Neville Landless,Neville_as_false_suspect,0.4614,5
3:47,3,47,"For the moment there is more of compassion, both for her and for himself, in her affianced husband’s face, than there is of love. He checks the look, and asks: “Shall I take you out for a walk, Rosa dear?”",Rosa Bud,motive_and_obsession,0.461,0
3:87,3,87,"“Well!” says Edwin, after a lengthy silence. “According to custom. We can’t get on, Rosa.”",Edwin Drood; Rosa Bud,motive_and_obsession,0.4602,5
9:2,9,2,"The betrothal of Rosa grew out of the soothing of his year of mental distress by his fast friend and old college companion, Drood: who likewise had been left a widower in his youth. But he, too, went the silent road into which all earthly pilgrimages merge, some sooner, and some later; and thus the young couple had come to be as they were.",Edwin Drood; Rosa Bud,motive_and_obsession,0.4593,0
11:86,11,86,"“And now, Mr. Edwin,” he proceeded, wiping his mouth and hands upon his handkerchief: “to a little piece of business. You received from me, the other day, a certified copy of Miss Rosa’s father’s will. You knew its contents before, but you received it from me as a matter of business. I should have sent it to Mr. Jasper, but for Miss Rosa’s wishing it to come straight to you, in preference.",Edwin Drood; Rosa Bud; John Jasper,motive_and_obsession,0.4591,2
11:104,11,104,"Evidently anxious to get away and be alone, Edwin Drood now resumed his outer clothing, muttering something about time and appointments. The fog was reported no clearer (by the flying waiter, who alighted from a speculative flight in the coffee interest), but he went out into it; and Bazzard, after his manner, “followed” him.",Edwin Drood,survival_and_disguise,0.4584,5
8:37,8,37,"“I suppose, Mr. Neville,” says Edwin, quick to resent the indignant protest against himself in the face of young Landless, which is fully as visible as the portrait, or the fire, or the lamp: “I suppose that if you painted the picture of your lady love—”",Edwin Drood; Neville Landless,Neville_as_false_suspect,0.4581,5
19:52,19,52,"Rosa puts her hands to her temples, and, pushing back her hair, looks wildly and abhorrently at him, as though she were trying to piece together what it is his deep purpose to present to her only in fragments.",Rosa Bud,motive_and_obsession,0.4522,0
8:46,8,46,"Edwin Drood’s face has become quickly and remarkably flushed with the wine; so has the face of Neville Landless. Edwin still sits thrown back in his chair, making that rest of clasped hands for his head.",Edwin Drood; Neville Landless,survival_and_disguise,0.4521,5
20:3,20,3,"Rosa’s mind throughout the last six months had been stormily confused. A half-formed, wholly unexpressed suspicion tossed in it, now heaving itself up, and now sinking into the deep; now gaining palpability, and now losing it. Jasper’s self-absorption in his nephew when he was alive, and his unceasing pursuit of the inquiry how he came by his death, if he were dead, were themes so rife in the place, that no one appeared able to suspect the possibility of foul play at his hands. She had asked herself the question, “Am I so wicked in my thoughts as to conceive a wickedness that others cannot imagine?” Then she had considered, Did the suspicion come of her previous recoiling from him before the",Rosa Bud; John Jasper,opium_and_double_life,0.4516,0
11:75,11,75,"“He may not show,” said Edwin, “all he feels; or he may not—”",Edwin Drood,survival_and_disguise,0.4515,7
23:2,23,2,"False pretence not being in the Minor Canon’s nature, he doubtless displayed openly that he would at any time have revived the subject, and even desired to discuss it. The determined reticence of Jasper, however, was not to be so approached. Impassive, moody, solitary, resolute, so concentrated on one idea, and on its attendant fixed purpose, that he would share it with no fellow-creature, he lived apart from human life. Constantly exercising an Art which brought him into mechanical harmony with others, and which could not have been pursued unless he and they had been in the nicest mechanical relations and unison, it is curious to consider that the spirit of the man was in moral accordance o",John Jasper,opium_and_double_life,0.4488,0
20:50,20,50,"Mr. Grewgious had by this time grown so very mysterious, that Rosa did not know how to go on. While she was thinking about it Mr. Grewgious suddenly jerked out of himself for the second time:",Rosa Bud,motive_and_obsession,0.4477,3
20:66,20,66,Rosa looked at him as if she would have liked him to be the recipient of a thousand dedications.,Rosa Bud,motive_and_obsession,0.4472,0
8:23,8,23,"“Ned, Ned, Ned!” he says; “we must have no more of this. I have overheard high words between you two. Remember, my dear boy, you are almost in the position of host to-night. You belong, as it were, to the place, and in a manner represent it towards a stranger. Mr. Neville is a stranger, and you should respect the obligations of hospitality. And, Mr. Neville,” laying his left hand on the inner shoulder of that young gentleman, and thus walking on between them, hand to shoulder on either side: “you will pardon me; but I appeal to you to govern your temper too. Let there be nothing amiss, and the question is superfluous. We are all three on a good understanding, are we not?”",Neville Landless,Neville_as_false_suspect,0.4469,5
19:32,19,32,"“Rosa, even when my dear boy was affianced to you, I loved you madly; even when I thought his happiness in having you for his wife was certain, I loved you madly; even when I strove to make him more ardently devoted to you, I loved you madly; even when he gave me the picture of your lovely face so carelessly traduced by him, which I feigned to hang always in my sight for his sake, but worshipped in torment for years, I loved you madly; in the distasteful work of the day, in the wakeful misery of the night, girded by sordid realities, or wandering through Paradises and Hells of visions into which I rushed, carrying your image in my arms, I loved you madly.”",Rosa Bud,motive_and_obsession,0.4449,0
7:71,7,71,"“Because we both know we are ridiculous, my dear!” Rosa gave that answer as if it were the most conclusive answer in the world.",Rosa Bud,motive_and_obsession,0.4445,7
22:30,22,30,"“If Neville’s movements are really watched, and if the purpose really is to isolate him from all friends and acquaintance and wear his daily life out grain by grain (which would seem to be the threat to you), does it not appear likely,” said Helena, “that his enemy would in some way communicate with Mr. Tartar to warn him off from Neville? In which case, we might not only know the fact, but might know from Mr. Tartar what the terms of the communication were.”",Neville Landless; Helena Landless,Neville_as_false_suspect,0.4437,7
13:52,13,52,"“A bright idea!” cried Edwin. “The other trustee. Nothing more natural. He comes down, he goes to Jack, he relates what we have agreed upon, and he states our case better than we could. He has already spoken feelingly to you, he has already spoken feelingly to me, and he’ll put the whole thing feelingly to Jack. I am not a coward, Rosa, but to tell you a secret, I am a little afraid of Jack.”",Edwin Drood; Rosa Bud,motive_and_obsession,0.4437,0
20:44,20,44,"“He must be very fond of you,” said Rosa.",Rosa Bud,motive_and_obsession,0.4428,7
2:74,2,74,"“I have been taking opium for a pain—an agony—that sometimes overcomes me. The effects of the medicine steal over me like a blight or a cloud, and pass. You see them in the act of passing; they will be gone directly. They will go all the sooner.”",,opium_and_double_life,0.4428,0
8:11,8,11,"“I am not accountable for Mr. Crisparkle’s mentioning the matter to me, quite openly,” Neville begins.",Neville Landless; Mr. Crisparkle,Neville_as_false_suspect,0.4427,1
13:33,13,33,"“And that is just what I mean; that is just how it was with us,” said Rosa. “You liked me very well, and you had grown used to me, and had grown used to the idea of our being married. You accepted the situation as an inevitable kind of thing, didn’t you? It was to be, you thought, and why discuss or dispute it?”",Rosa Bud,motive_and_obsession,0.4421,7
8:34,8,34,"“I am sorry for that, Mr. Drood.” Neville apologises, with a real intention to apologise; “if I had known I was in the artist’s presence—”",Edwin Drood; Neville Landless,Neville_as_false_suspect,0.4417,5
15:45,15,45,"Mr. Sapsea expressed his opinion that the case had a dark look; in short (and here his eyes rested full on Neville’s countenance), an Un-English complexion. Having made this grand point, he wandered into a denser haze and maze of nonsense than even a mayor might have been expected to disport himself in, and came out of it with the brilliant discovery that to take the life of a fellow-creature was to take something that didn’t belong to you. He wavered whether or no he should at once issue his warrant for the committal of Neville Landless to jail, under circumstances of grave suspicion; and he might have gone so far as to do it but for the indignant protest of the Minor Canon: who undertook f",Neville Landless; Edwin Drood; John Jasper,Neville_as_false_suspect,0.4412,6
10:44,10,44,"“You see,” remarked Mr. Crisparkle, again laying hold of his opportunity, though with a moderate and delicate touch, “you both instinctively acknowledge that Neville did wrong. Then why stop short, and not otherwise acknowledge it?”",Neville Landless; Mr. Crisparkle,Neville_as_false_suspect,0.4411,1
16:46,16,46,"These dropping shots from the blunderbusses of blunderheadedness might not have hit him in a vital place. But he had to stand against a trained and well-directed fire of arms of precision too. He had notoriously threatened the lost young man, and had, according to the showing of his own faithful friend and tutor who strove so hard for him, a cause of bitter animosity (created by himself, and stated by himself), against that ill-starred fellow. He had armed himself with an offensive weapon for the fatal night, and he had gone off early in the morning, after making preparations for departure. He had been found with traces of blood on him; truly, they might have been wholly caused as he represe",Edwin Drood; John Jasper; Mr. Crisparkle,survival_and_disguise,0.4398,0
3:37,3,37,Edwin scarcely seems to see the force of this; begs to know if he may take the liberty to ask why?,Edwin Drood,survival_and_disguise,0.4358,7
8:82,8,82,"“Mr. Neville,” rejoins the Minor Canon, mildly, but firmly: “I request you not to speak to me with that clenched right hand. Unclench it, if you please.”",Neville Landless,Neville_as_false_suspect,0.4351,5
13:59,13,59,"They walked on by the river. They began to speak of their separate plans. He would quicken his departure from England, and she would remain where she was, at least as long as Helena remained. The poor dear girls should have their disappointment broken to them gently, and, as the first preliminary, Miss Twinkleton should be confided in by Rosa, even in advance of the reappearance of Mr. Grewgious. It should be made clear in all quarters that she and Edwin were the best of friends. There had never been so serene an understanding between them since they were first affianced. And yet there was one reservation on each side; on hers, that she intended through her guardian to withdraw herself immed",Helena Landless; Rosa Bud; Edwin Drood,motive_and_obsession,0.4347,2
11:75,11,75,"“He may not show,” said Edwin, “all he feels; or he may not—”",Edwin Drood,motive_and_obsession,0.4335,7
13:57,13,57,"And now, Edwin Drood’s right hand closed again upon the ring in its little case, and again was checked by the consideration: “It is certain, now, that I am to give it back to him; then why should I tell her of it?” That pretty sympathetic nature which could be so sorry for him in the blight of their childish hopes of happiness together, and could so quietly find itself alone in a new world to weave fresh wreaths of such flowers as it might prove to bear, the old world’s flowers being withered, would be grieved by those sorrowful jewels; and to what purpose? They were but a sign of broken joys and baseless projects; in their very beauty they were (as the unlikeliest of men had said) almost a ",Edwin Drood,motive_and_obsession,0.4332,0
17:96,17,96,"The last passage he had been shown in the Diary returned on Mr. Crisparkle’s mind with the force of a strong recoil, and he asked Mr. Grewgious if he thought it possible that Neville was to be harassed by the keeping of a watch upon him?",Neville Landless; Mr. Crisparkle,Neville_as_false_suspect,0.4318,1
15:39,15,39,"“That man and I,” said Neville, pointing out his late adversary, “had a struggle for the stick just now, and you may see the same marks on him, sir. What was I to suppose, when I found myself molested by eight people? Could I dream of the true reason when they would give me none at all?”",Neville Landless,Neville_as_false_suspect,0.4318,7
4:32,4,32,"Mr. Jasper says, with an appearance of having fallen into dreadfully low spirits, that he “supposes it was to be.”",John Jasper,opium_and_double_life,0.4315,4
15:25,15,25,"“Not to be found!” cried Neville, aghast.",Neville Landless,Neville_as_false_suspect,0.4312,5
8:79,8,79,"“Mr. Neville, Mr. Neville,” says the Minor Canon, shaking his head with a sorrowful smile; “I have heard that said before.”",Neville Landless,Neville_as_false_suspect,0.4288,5
9:7,9,7,Miss Landless’s brother had thrown a knife at Mr. Edwin Drood.,Edwin Drood,survival_and_disguise,0.427,5
11:102,11,102,"Edwin reproduced the little case, and opened it; and Bazzard looked into it.",Edwin Drood,survival_and_disguise,0.427,0
10:97,10,97,"Light-hearted and unsuspicious as ever. He laughed when I cautioned him, and said he was as good a man as Neville Landless any day. I told him that might be, but he was not as bad a man. He continued to make light of it, but I travelled with him as far as I could, and left him most unwillingly. I am unable to shake off these dark intangible presentiments of evil—if feelings founded upon staring facts are to be so called.’",Neville Landless,Neville_as_false_suspect,0.4268,0
14:58,14,58,"“Edwin, Edwin, Edwin,” she repeats, trailing off into a drowsy repetition of the word; and then asks suddenly: “Is the short of that name Eddy?”",Edwin Drood,survival_and_disguise,0.4218,5
13:8,13,8,"So many times had Rosa seen such dispersals, and so very little did she know of any other Home, that she was contented to remain where she was, and was even better contented than ever before, having her latest friend with her. And yet her latest friendship had a blank place in it of which she could not fail to be sensible. Helena Landless, having been a party to her brother’s revelation about Rosa, and having entered into that compact of silence with Mr. Crisparkle, shrank from any allusion to Edwin Drood’s name. Why she so avoided it, was mysterious to Rosa, but she perfectly perceived the fact. But for the fact, she might have relieved her own little perplexed heart of some of its doubts a",Rosa Bud; Edwin Drood; Helena Landless; Mr. Crisparkle,survival_and_disguise,0.4217,5
15:27,15,27,“You left Mr. Jasper last night with Edwin Drood?”,Edwin Drood; John Jasper,survival_and_disguise,0.419,5
11:11,11,11,"“Dear me!” said Mr. Grewgious, looking round his pair of office candles. “I thought you had called and merely left your name and gone. How do you do, Mr. Edwin? Dear me, you’re choking!”",Edwin Drood,survival_and_disguise,0.4181,3
11:41,11,41,“Did PRosa—” Edwin began by way of recovering himself.,Edwin Drood,survival_and_disguise,0.4175,0
11:29,11,29,"“I wonder where he would be!” Edwin thought. But he only thought it, because Mr. Grewgious came and stood himself with his back to the other corner of the fire, and his shoulder-blades against the chimneypiece, and collected his skirts for easy conversation.",Edwin Drood,survival_and_disguise,0.4165,3
17:28,17,28,"“I may regard my profession from a point of view which teaches me that its first duty is towards those who are in necessity and tribulation, who are desolate and oppressed,” said Mr. Crisparkle. “However, as I have quite clearly satisfied myself that it is no part of my profession to make professions, I say no more of that. But I owe it to Mr. Neville, and to Mr. Neville’s sister (and in a much lower degree to myself), to say to you that I _know_ I was in the full possession and understanding of Mr. Neville’s mind and heart at the time of this occurrence; and that, without in the least colouring or concealing what was to be deplored in him and required to be corrected, I feel certain that hi",Mr. Crisparkle; Neville Landless,Neville_as_false_suspect,0.4153,5
23:4,23,4,"The dreadful suspicion of Jasper, which Rosa was so shocked to have received into her imagination, appeared to have no harbour in Mr. Crisparkle’s. If it ever haunted Helena’s thoughts or Neville’s, neither gave it one spoken word of utterance. Mr. Grewgious took no pains to conceal his implacable dislike of Jasper, yet he never referred it, however distantly, to such a source. But he was a reticent as well as an eccentric man; and he made no mention of a certain evening when he warmed his hands at the gatehouse fire, and looked steadily down upon a certain heap of torn and miry clothes upon the floor.",John Jasper; Rosa Bud; Mr. Crisparkle; Neville Landless; Helena Landless,opium_and_double_life,0.415,1
10:59,10,59,"“Mr. Neville, Mr. Neville, I am sorely grieved to see in you more traces of a character as sullen, angry, and wild, as the night now closing in. They are of too serious an aspect to leave me the resource of treating the infatuation you have disclosed, as undeserving serious consideration. I give it very serious consideration, and I speak to you accordingly. This feud between you and young Drood must not go on. I cannot permit it to go on any longer, knowing what I now know from you, and you living under my roof. Whatever prejudiced and unauthorised constructions your blind and envious wrath may put upon his character, it is a frank, good-natured character. I know I can trust to it for that. ",Neville Landless; Edwin Drood,Neville_as_false_suspect,0.414,5
11:12,11,12,"“It’s this fog,” returned Edwin; “and it makes my eyes smart, like Cayenne pepper.”",Edwin Drood,survival_and_disguise,0.4134,0
10:38,10,38,"“I call it unfortunate, Miss Helena,” resumed Mr. Crisparkle, “forasmuch as it certainly has engendered a prejudice against Neville. There is a notion about, that he is a dangerously passionate fellow, of an uncontrollable and furious temper: he is really avoided as such.”",Neville Landless; Helena Landless; Mr. Crisparkle,Neville_as_false_suspect,0.4131,1
2:83,2,83,"“I thought you had so exactly found your niche in life, Jack,” Edwin Drood returns, astonished, bending forward in his chair to lay a sympathetic hand on Jasper’s knee, and looking at him with an anxious face.",Edwin Drood; John Jasper,survival_and_disguise,0.4131,5
8:17,8,17,"By this time they had both become savage; Mr. Neville out in the open; Edwin Drood under the transparent cover of a popular tune, and a stop now and then to pretend to admire picturesque effects in the moonlight before him.",Edwin Drood; Neville Landless,Neville_as_false_suspect,0.4128,5
10:23,10,23,"“—For,” pursued the Minor Canon, “it is undeniable that Mr. Neville is exceedingly industrious and attentive, and that he improves apace, and that he has—I hope I may say—an attachment to me.”",Neville Landless,Neville_as_false_suspect,0.4117,5
8:9,8,9,"“I hope,” says Neville, “there is no offence, Mr. Drood, in my innocently referring to your betrothal?”",Edwin Drood; Neville Landless,Neville_as_false_suspect,0.4099,5
14:78,14,78,"“One would think, Jasper, you had been trying a new medicine for that occasional indisposition of yours.”",John Jasper,opium_and_double_life,0.4069,4
11:52,11,52,"Externally, Mr. Grewgious showed no signs of being mellowed by these glowing vintages. Instead of his drinking them, they might have been poured over him in his high-dried snuff form, and run to waste, for any lights and shades they caused to flicker over his face. Neither was his manner influenced. But, in his wooden way, he had observant eyes for Edwin; and when at the end of dinner, he motioned Edwin back to his own easy-chair in the fireside corner, and Edwin sank luxuriously into it after very brief remonstrance, Mr. Grewgious, as he turned his seat round towards the fire too, and smoothed his head and face, might have been seen looking at his visitor between his smoothing fingers.",Edwin Drood,survival_and_disguise,0.4039,3
1:10,1,10,"“What visions can _she_ have?” the waking man muses, as he turns her face towards him, and stands looking down at it. “Visions of many butchers’ shops, and public-houses, and much credit? Of an increase of hideous customers, and this horrible bedstead set upright again, and this horrible court swept clean? What can she rise to, under any quantity of opium, higher than that!—Eh?”",,opium_and_double_life,0.4024,0
2:64,2,64,Sharply on the part of Edwin Drood.,Edwin Drood,survival_and_disguise,0.4011,5
10:78,10,78,"Jasper was lying asleep on a couch before the fire, when, having ascended the postern-stair, and received no answer to his knock at the door, Mr. Crisparkle gently turned the handle and looked in. Long afterwards he had cause to remember how Jasper sprang from the couch in a delirious state between sleeping and waking, and crying out: “What is the matter?",John Jasper; Mr. Crisparkle,opium_and_double_life,0.401,4
14:94,14,94,"“Why, naturally,” returns Jasper. “You had but little reason to hope that I should become more like yourself. You are always training yourself to be, mind and body, as clear as crystal, and you always are, and never change; whereas I am a muddy, solitary, moping weed. However, I have got over that mope. Shall I wait, while you ask if Mr. Neville has left for my place? If not, he and I may walk round together.”",John Jasper; Neville Landless,opium_and_double_life,0.3991,5
15:44,15,44,"Mr. Sapsea being informed by Mr. Crisparkle of the circumstances under which they desired to make a voluntary statement before him, Mr. Jasper broke silence by declaring that he placed his whole reliance, humanly speaking, on Mr. Sapsea’s penetration. There was no conceivable reason why his nephew should have suddenly absconded, unless Mr. Sapsea could suggest one, and then he would defer. There was no intelligible likelihood of his having returned to the river, and been accidentally drowned in the dark, unless it should appear likely to Mr. Sapsea, and then again he would defer. He washed his hands as clean as he could of all horrible suspicions, unless it should appear to Mr. Sapsea that s",John Jasper; Mr. Crisparkle,opium_and_double_life,0.3981,6
3:59,3,59,"That discreet lady being indeed heard without, inquiring of nobody in a blandly conversational tone as she advances: “Eh? Are you quite sure you saw my mother-of-pearl button-holder on the work-table in my room?” is at once solicited for walking leave, and graciously accords it. And soon the young couple go out of the Nuns’ House, taking all precautions against the discovery of the so vitally defective boots of Mr. Edwin Drood: precautions, let us hope, effective for the peace of Mrs. Edwin Drood that is to be.",Edwin Drood,survival_and_disguise,0.3972,5
8:40,8,40,"“If I were to try my hand,” says Edwin, with a boyish boastfulness getting up in him, “on a portrait of Miss Landless—in earnest, mind you; in earnest—you should see what I could do!”",Edwin Drood,survival_and_disguise,0.3967,5
8:27,8,27,"“None at all, Mr. Jasper.” Still, not quite so frankly or so freely; or, be it said once again, not quite so carelessly perhaps.",John Jasper,opium_and_double_life,0.3951,4
11:81,11,81,"Edwin bit his lip again, and still sat looking at the fire.",Edwin Drood,survival_and_disguise,0.3949,0
18:55,18,55,"As Mr. Datchery, when he had made his acknowledgments to Mr. Jasper, could not be induced to go out of the room before the Worshipful, the Worshipful led the way down-stairs; Mr. Datchery following with his hat under his arm, and his shock of white hair streaming in the evening breeze.",John Jasper; Dick Datchery,survival_and_disguise,0.3935,4
8:17,8,17,"By this time they had both become savage; Mr. Neville out in the open; Edwin Drood under the transparent cover of a popular tune, and a stop now and then to pretend to admire picturesque effects in the moonlight before him.",Edwin Drood; Neville Landless,survival_and_disguise,0.3928,5
11:27,11,27,"“He seems to have his own way, sir,” remarked Edwin.",Edwin Drood,survival_and_disguise,0.3882,5
9:6,9,6,Miss Landless’s brother had thrown a bottle at Mr. Edwin Drood.,Edwin Drood,survival_and_disguise,0.3875,5
16:20,16,20,"“When I had, and could have, no suspicion,” pursued Jasper, eagerly following the new track, “that the dear lost boy had withheld anything from me—most of all, such a leading matter as this—what gleam of light was there for me in the whole black sky? When I supposed that his intended wife was here, and his marriage close at hand, how could I entertain the possibility of his voluntarily leaving this place, in a manner that would be so unaccountable, capricious, and cruel? But now that I know what you have told me, is there no little chink through which day pierces? Supposing him to have disappeared of his own act, is not his disappearance more accountable and less cruel? The fact of his havin",John Jasper,survival_and_disguise,0.3866,0
10:15,10,15,"“But for Mr. Jasper’s well-bred consideration in coming up to me, next day, after service, in the Nave itself, with his gown still on, and expressing his hope that I had not been greatly alarmed or had my rest violently broken, I believe I might never have heard of that disgraceful transaction,” said the old lady.",John Jasper,opium_and_double_life,0.3865,4
10:94,10,94,"“I will do it,” repeated Jasper, “for the comfort of having your guarantee against my vague and unfounded fears. You will laugh—but do you keep a Diary?”",John Jasper,opium_and_double_life,0.3863,4
16:32,16,32,"However, here was a model before him. He hesitated no longer. Addressing Mr. Grewgious, as one placed in authority by the revelation he had brought to bear on the mystery (and surpassingly Angular Mr. Grewgious became when he found himself in that unexpected position), Mr. Crisparkle bore his testimony to Mr. Jasper’s strict sense of justice, and, expressing his absolute confidence in the complete clearance of his pupil from the least taint of suspicion, sooner or later, avowed that his confidence in that young gentleman had been formed, in spite of his confidential knowledge that his temper was of the hottest and fiercest, and that it was directly incensed against Mr. Jasper’s nephew, by th",John Jasper; Mr. Crisparkle,opium_and_double_life,0.3832,3
18:38,18,38,Mr. Jasper could answer for that without the slightest hesitation.,John Jasper,opium_and_double_life,0.3831,4
8:30,8,30,"Mr. Jasper, still walking in the centre, hand to shoulder on either side, beautifully turns the Refrain of a drinking song, and they all go up to his rooms. There, the first object visible, when he adds the light of a lamp to that of the fire, is the portrait over the chimneypiece. It is not an object calculated to improve the understanding between the two young men, as rather awkwardly reviving the subject of their difference. Accordingly, they both glance at it consciously, but say nothing. Jasper, however (who would appear from his conduct to have gained but an imperfect clue to the cause of their late high words), directly calls attention to it.",John Jasper,opium_and_double_life,0.3819,4
16:28,16,28,"“I stated to Mr. Sapsea, when we waited on him,” said Jasper: as he really had done: “that there was no quarrel or difference between the two young men at their last meeting. We all know that their first meeting was unfortunately very far from amicable; but all went smoothly and quietly when they were last together at my house. My dear boy was not in his usual spirits; he was depressed—I noticed that—and I am bound henceforth to dwell upon the circumstance the more, now that I know there was a special reason for his being depressed: a reason, moreover, which may possibly have induced him to absent himself.”",John Jasper,opium_and_double_life,0.3783,7
4:26,4,26,Mr. Jasper appears to commit this original idea to memory.,John Jasper,opium_and_double_life,0.3758,4
16:62,16,62,"It was not until then that John Jasper silently resumed his place in the choir. Haggard and red-eyed, his hopes plainly had deserted him, his sanguine mood was gone, and all his worst misgivings had come back. A day or two afterwards, while unrobing, he took his Diary from a pocket of his coat, turned the leaves, and with an impressive look, and without one spoken word, handed this entry to Mr. Crisparkle to read:",John Jasper; Mr. Crisparkle,opium_and_double_life,0.3754,1
16:11,16,11,"Jasper both ate and drank almost voraciously. Combined with the hurry in his mode of doing it, was an evident indifference to the taste of what he took, suggesting that he ate and drank to fortify himself against any other failure of the spirits, far more than to gratify his palate. Mr. Grewgious in the meantime sat upright, with no expression in his face, and a hard kind of imperturbably polite protest all over him: as though he would have said, in reply to some invitation to discourse; “I couldn’t originate the faintest approach to an observation on any subject whatever, I thank you.”",John Jasper,opium_and_double_life,0.3727,3
10:16,10,16,"“To be candid, Ma, I think I should have kept it from you if I could: though I had not decidedly made up my mind. I was following Jasper out, to confer with him on the subject, and to consider the expediency of his and my jointly hushing the thing up on all accounts, when I found him speaking to you. Then it was too late.”",John Jasper,opium_and_double_life,0.3657,0
16:30,16,30,"“_I_ pray to Heaven it may turn out so!” repeated Jasper. “You know—and Mr. Grewgious should now know likewise—that I took a great prepossession against Mr. Neville Landless, arising out of his furious conduct on that first occasion. You know that I came to you, extremely apprehensive, on my dear boy’s behalf, of his mad violence. You know that I even entered in my Diary, and showed the entry to you, that I had dark forebodings against him. Mr. Grewgious ought to be possessed of the whole case. He shall not, through any suppression of mine, be informed of a part of it, and kept in ignorance of another part of it. I wish him to be good enough to understand that the communication he has made t",John Jasper; Neville Landless,opium_and_double_life,0.3652,7
10:79,10,79,"“It is only I, Jasper. I am sorry to have disturbed you.”",John Jasper,opium_and_double_life,0.3622,4
5:54,5,54,"John Jasper returns by another way to his gatehouse, and entering softly with his key, finds his fire still burning. He takes from a locked press a peculiar-looking pipe, which he fills—but not with tobacco—and, having adjusted the contents of the bowl, very carefully, with a little instrument, ascends an inner staircase of only a few steps, leading to two rooms. One of these is his own sleeping chamber: the other is his nephew’s. There is a light in each.",John Jasper,opium_and_double_life,0.3563,4
14:92,14,92,"“A man leading a monotonous life,” Jasper proceeds, “and getting his nerves, or his stomach, out of order, dwells upon an idea until it loses its proportions. That was my case with the idea in question. So I shall burn the evidence of my case, when the book is full, and begin the next volume with a clearer vision.”",John Jasper,opium_and_double_life,0.356,0
23:5,23,5,"Drowsy Cloisterham, whenever it awoke to a passing reconsideration of a story above six months old and dismissed by the bench of magistrates, was pretty equally divided in opinion whether John Jasper’s beloved nephew had been killed by his treacherously passionate rival, or in an open struggle; or had, for his own purposes, spirited himself away. It then lifted up its head, to notice that the bereaved Jasper was still ever devoted to discovery and revenge; and then dozed off again. This was the condition of matters, all round, at the period to which the present history has now attained.",John Jasper,opium_and_double_life,0.3558,4
4:35,4,35,"Mr. Jasper complying, sees and reads as follows:",John Jasper,opium_and_double_life,0.3526,4
2:35,2,35,"With the check upon him of being unsympathetically restrained in a genial outburst of enthusiasm, Mr. Jasper stands still, and looks on intently at the young fellow, divesting himself of his outward coat, hat, gloves, and so forth. Once for all, a look of intentness and intensity—a look of hungry, exacting, watchful, and yet devoted affection—is always, now and ever afterwards, on the Jasper face whenever the Jasper face is addressed in this direction. And whenever it is so addressed, it is never, on this occasion or on any other, dividedly addressed; it is always concentrated.",John Jasper,opium_and_double_life,0.3521,4
12:49,12,49,"“Those two are only sauntering,” Jasper whispers; “they will go out into the moonlight soon. Let us keep quiet here, or they will detain us, or want to join us, or what not.”",John Jasper,opium_and_double_life,0.3517,4
5:32,5,32,"Without any endeavour to correct the literality of this opinion, Jasper surveys his companion—covered from head to foot with old mortar, lime, and stone grit—as though he, Jasper, were getting imbued with a romantic interest in his weird life.",John Jasper,opium_and_double_life,0.35,4
1:10,1,10,"“What visions can _she_ have?” the waking man muses, as he turns her face towards him, and stands looking down at it. “Visions of many butchers’ shops, and public-houses, and much credit? Of an increase of hideous customers, and this horrible bedstead set upright again, and this horrible court swept clean? What can she rise to, under any quantity of opium, higher than that!—Eh?”",,means_and_opportunity,0.3365,0
2:74,2,74,"“I have been taking opium for a pain—an agony—that sometimes overcomes me. The effects of the medicine steal over me like a blight or a cloud, and pass. You see them in the act of passing; they will be gone directly. They will go all the sooner.”",,means_and_opportunity,0.3166,0
16:63,16,63,"“My dear boy is murdered. The discovery of the watch and shirt-pin convinces me that he was murdered that night, and that his jewellery was taken from him to prevent identification by its means. All the delusive hopes I had founded on his separation from his betrothed wife, I give to the winds. They perish before this fatal discovery. I now swear, and record the oath on this page, That I nevermore will discuss this mystery with any human creature until I hold the clue to it in my hand. That I never will relax in my secrecy or in my search. That I will fasten the crime of the murder of my dear dead boy upon the murderer. And, That I devote myself to his destruction.”",,means_and_opportunity,0.3139,0
4:58,4,58,"The key proffered him by the bereaved widower being a large one, he slips his two-foot rule into a side-pocket of his flannel trousers made for it, and deliberately opens his flannel coat, and opens the mouth of a large breast-pocket within it before taking the key to place it in that repository.",,means_and_opportunity,0.302,0
1:14,1,14,"Slowly loosening his grasp as he listens to the incoherent jargon with an attentive frown, he turns to the Lascar and fairly drags him forth upon the floor. As he falls, the Lascar starts into a half-risen attitude, glares with his eyes, lashes about him fiercely with his arms, and draws a phantom knife. It then becomes apparent that the woman has taken possession of this knife, for safety’s sake; for, she too starting up, and restraining and expostulating with him, the knife is visible in her dress, not in his, when they drowsily drop back, side by side.",,means_and_opportunity,0.2964,0
1:2,1,2,"Shaking from head to foot, the man whose scattered consciousness has thus fantastically pieced itself together, at length rises, supports his trembling frame upon his arms, and looks around. He is in the meanest and closest of small rooms. Through the ragged window-curtain, the light of early day steals in from a miserable court. He lies, dressed, across a large unseemly bed, upon a bedstead that has indeed given way under the weight upon it. Lying, also dressed and also across the bed, not longwise, are a Chinaman, a Lascar, and a haggard woman. The two first are in a sleep or stupor; the last is blowing at a kind of pipe, to kindle it. And as she blows, and shading it with her lean hand, c",,means_and_opportunity,0.2962,0
20:58,20,58,"If I was under sentence of decapitation, and was about to be instantly decapitated, and an express arrived with a pardon for the condemned convict Grewgious if he wrote a play, I should be under the necessity of resuming the block, and begging the executioner to proceed to extremities,—meaning,” said Mr. Grewgious, passing his hand under his chin, “the singular number, and this extremity.”",,means_and_opportunity,0.2952,3
16:46,16,46,"These dropping shots from the blunderbusses of blunderheadedness might not have hit him in a vital place. But he had to stand against a trained and well-directed fire of arms of precision too. He had notoriously threatened the lost young man, and had, according to the showing of his own faithful friend and tutor who strove so hard for him, a cause of bitter animosity (created by himself, and stated by himself), against that ill-starred fellow. He had armed himself with an offensive weapon for the fatal night, and he had gone off early in the morning, after making preparations for departure. He had been found with traces of blood on him; truly, they might have been wholly caused as he represe",Edwin Drood; John Jasper; Mr. Crisparkle,means_and_opportunity,0.2885,0
5:50,5,50,"The semblance of an inn is attempted to be given to this wretched place by fragments of conventional red curtaining in the windows, which rags are made muddily transparent in the night-season by feeble lights of rush or cotton dip burning dully in the close air of the inside. As Durdles and Jasper come near, they are addressed by an inscribed paper lantern over the door, setting forth the purport of the house. They are also addressed by some half-dozen other hideous small boys—whether twopenny lodgers or followers or hangers-on of such, who knows!—who, as if attracted by some carrion-scent of Deputy in the air, start into the moonlight, as vultures might gather in the desert, and instantly f",John Jasper; Durdles,means_and_opportunity,0.281,0
1:7,1,7,"“O me, O me, my lungs is weak, my lungs is bad! It’s nearly ready for ye, deary. Ah, poor me, poor me, my poor hand shakes like to drop off! I see ye coming-to, and I ses to my poor self, ‘I’ll have another ready for him, and he’ll bear in mind the market price of opium, and pay according.’ O my poor head! I makes my pipes of old penny ink-bottles, ye see, deary—this is one—and I fits-in a mouthpiece, this way, and I takes my mixter out of this thimble with this little horn spoon; and so I fills, deary. I got Heavens-hard drunk for sixteen year afore I took to this; but this don’t hurt me, not to speak of. And it takes away the hunger as well as wittles, deary.”",,means_and_opportunity,0.2799,0
11:7,11,7,"Many accounts and account-books, many files of correspondence, and several strong boxes, garnished Mr. Grewgious’s room. They can scarcely be represented as having lumbered it, so conscientious and precise was their orderly arrangement. The apprehension of dying suddenly, and leaving one fact or one figure with any incompleteness or obscurity attaching to it, would have stretched Mr. Grewgious stone-dead any day. The largest fidelity to a trust was the life-blood of the man. There are sorts of life-blood that course more quickly, more gaily, more attractively; but there is no better sort in circulation.",,means_and_opportunity,0.2793,3
17:21,17,21,"“The Commandments say, no murder. NO murder, sir!” proceeded Mr. Honeythunder, platformally pausing as if he took Mr. Crisparkle to task for having distinctly asserted that they said: You may do a little murder, and then leave off.",Mr. Crisparkle,means_and_opportunity,0.2768,1
11:95,11,95,"“Your placing it on her finger,” said Mr. Grewgious, “will be the solemn seal upon your strict fidelity to the living and the dead. You are going to her, to make the last irrevocable preparations for your marriage.",,means_and_opportunity,0.2688,3
6:5,6,5,"“Break the pier-glass, or burst a blood-vessel.”",,means_and_opportunity,0.2635,0
12:55,12,55,"Among those secluded nooks there is very little stir or movement after dark. There is little enough in the high tide of the day, but there is next to none at night. Besides that the cheerfully frequented High Street lies nearly parallel to the spot (the old Cathedral rising between the two), and is the natural channel in which the Cloisterham traffic flows, a certain awful hush pervades the ancient pile, the cloisters, and the churchyard, after dark, which not many people care to encounter. Ask the first hundred citizens of Cloisterham, met at random in the streets at noon, if they believed in Ghosts, they would tell you no; but put them to choose at night between these eerie Precincts and t",John Jasper; Durdles,means_and_opportunity,0.2614,4
23:82,23,82,"Accordingly, that same evening the poor soul stands in Cloisterham High Street, looking at the many quaint gables of the Nuns’ House, and getting through the time as she best can until nine o’clock; at which hour she has reason to suppose that the arriving omnibus passengers may have some interest for her. The friendly darkness, at that hour, renders it easy for her to ascertain whether this be so or not; and it is so, for the passenger not to be missed twice arrives among the rest.",,means_and_opportunity,0.2557,0
17:40,17,40,"“They are,” repeated Mr. Crisparkle, without noticing the interruption, “detestable. They violate equally the justice that should belong to Christians, and the restraints that should belong to gentlemen. You assume a great crime to have been committed by one whom I, acquainted with the attendant circumstances, and having numerous reasons on my side, devoutly believe to be innocent of it. Because I differ from you on that vital point, what is your platform resource? Instantly to turn upon me, charging that I have no sense of the enormity of the crime itself, but am its aider and abettor! So, another time—taking me as representing your opponent in other cases—you set up a platform credulity; a",Mr. Crisparkle,means_and_opportunity,0.2556,0
4:42,4,42,"In a suit of coarse flannel with horn buttons, a yellow neckerchief with draggled ends, an old hat more russet-coloured than black, and laced boots of the hue of his stony calling, Durdles leads a hazy, gipsy sort of life, carrying his dinner about with him in a small bundle, and sitting on all manner of tombstones to dine. This dinner of Durdles’s has become quite a Cloisterham institution: not only because of his never appearing in public without it, but because of its having been, on certain renowned occasions, taken into custody along with Durdles (as drunk and incapable), and exhibited before the Bench of justices at the townhall. These occasions, however, have been few and far apart: D",Durdles,means_and_opportunity,0.2522,6
10:31,10,31,"The Reverend Septimus yielded himself up quite as willing a victim to a nauseous medicinal herb-closet, also presided over by the china shepherdess, as to this glorious cupboard. To what amazing infusions of gentian, peppermint, gilliflower, sage, parsley, thyme, rue, rosemary, and dandelion, did his courageous stomach submit itself! In what wonderful wrappers, enclosing layers of dried leaves, would he swathe his rosy and contented face, if his mother suspected him of a toothache! What botanical blotches would he cheerfully stick upon his cheek, or forehead, if the dear old lady convicted him of an imperceptible pimple there! Into this herbaceous penitentiary, situated on an upper staircase",,means_and_opportunity,0.246,0
15:17,15,17,"“As to our being a pack of thieves, Mr. Landless,” said the man, as he spat out some blood, and wiped more from his face; “you know better than that at midday. We wouldn’t have touched you if you hadn’t forced us. We’re going to take you round to the high road, anyhow, and you’ll find help enough against thieves there, if you want it.—Wipe his face, somebody; see how it’s a-trickling down him!”",,means_and_opportunity,0.2457,7
11:97,11,97,"“If anything should be amiss, if anything should be even slightly wrong, between you; if you should have any secret consciousness that you are committing yourself to this step for no higher reason than because you have long been accustomed to look forward to it; then,” said Mr. Grewgious, “I charge you once more, by the living and by the dead, to bring that ring back to me!”",,means_and_opportunity,0.2451,3
18:64,18,64,"“And without betraying, what I call the secrets of the prison-house,” said Mr. Sapsea; “the secrets of the prison-house is the term I used on the bench.”",,means_and_opportunity,0.2421,6
23:117,23,117,"In effect, that Power of Evil is abroad. Having nothing living to stone at the moment, he is discovered by Mr. Datchery in the unholy office of stoning the dead, through the railings of the churchyard. The Imp finds this a relishing and piquing pursuit; firstly, because their resting-place is announced to be sacred; and secondly, because the tall headstones are sufficiently like themselves, on their beat in the dark, to justify the delicious fancy that they are hurt when hit.",Dick Datchery,means_and_opportunity,0.2397,0
12:91,12,91,"Durdles condescends to laugh at this. Continuing to chuckle when his laugh is over, as though remonstrant with himself on his drinking powers, he rolls to the door and unlocks it. They both pass out, and Durdles relocks it, and pockets his key.",Durdles,means_and_opportunity,0.2378,6
17:19,17,19,"“Murder!” proceeded Mr. Honeythunder, in a kind of boisterous reverie, with his platform folding of his arms, and his platform nod of abhorrent reflection after each short sentiment of a word. “Bloodshed! I hold no terms with Cain. I repudiate with a shudder the red hand when it is offered me.”",,means_and_opportunity,0.2373,0
10:30,10,30,"As, whenever the Reverend Septimus fell a-musing, his good mother took it to be an infallible sign that he “wanted support,” the blooming old lady made all haste to the dining-room closet, to produce from it the support embodied in a glass of Constantia and a home-made biscuit. It was a most wonderful closet, worthy of Cloisterham and of Minor Canon Corner. Above it, a portrait of Handel in a flowing wig beamed down at the spectator, with a knowing air of being up to the contents of the closet, and a musical air of intending to combine all its harmonies in one delicious fugue. No common closet with a vulgar door on hinges, openable all at once, and leaving nothing to be disclosed by degrees,",,means_and_opportunity,0.2371,0
23:171,23,171,"‘Gentlemen,’ I said with dignity, ‘I will not remain one of this Club allowing opprobrium to be cast on an unoffending person in his absence. I will not so violate what I call the sacred rites of hospitality. Gentlemen, until you know how to behave yourselves better, I leave you. Gentlemen, until then I withdraw, from this place of meeting, whatever personal qualifications I may have brought into it. Gentlemen, until then you cease to be the Eight Club, and must make the best you can of becoming the Seven.’",,means_and_opportunity,0.2351,7
12:85,12,85,"As Durdles recalls that touching something in his dream, he looks down on the pavement, and sees the key of the crypt door lying close to where he himself lay.",Durdles,means_and_opportunity,0.2344,6
11:91,11,91,"He took a bunch of keys from his pocket, singled out by the candle-light the key he wanted, and then, with a candle in his hand, went to a bureau or escritoire, unlocked it, touched the spring of a little secret drawer, and took from it an ordinary ring-case made for a single ring. With this in his hand, he returned to his chair. As he held it up for the young man to see, his hand trembled.",,means_and_opportunity,0.2327,0
17:27,17,27,"“Or,” said Mr. Honeythunder, shaking his head again, “I might think one of your profession better employed in devoting himself to the discovery and punishment of guilt than in leaving that duty to be undertaken by a layman.”",,means_and_opportunity,0.2305,0
