kaggle_record_id,pursue_record_id,kaggle_date,pursue_date,pursue_date_precision,pursue_date_hint_start,pursue_date_hint_end,kaggle_location,pursue_location,kaggle_text,pursue_text,pursue_text_kind,text_similarity,location_similarity,date_similarity,entity_similarity,final_score,match_explanation
59561,59_64634_711.5612[7-2852,1952-07-25,1952-07-18,day,1952.0,1952.0,tacoma,nan,Six spheres flying in formation close to an Air Force base by Tacoma Washington.,"The..!.!Ying saucer advocates claim, of course, that the scientific viewpoint ~ s e n s e, and that there is overwhelming evidence of such beings. In my own mind, I find it difficult to side with the flying saucer advocates, but the almost total impossibility envisioned by - most scientists also is disturbing. Therefore, I present t h e problem in current perspective, as I see it.",extracted_document_text,0.0557,,0.82,0.6667,0.4326,"used text, date, entity; location ignored because PURSUE location is missing, non-terrestrial, or too broad"
72778,"DOW-UAP-D48, Department of the Air Force Report, 1996",1996-09-10,1996-09-10,day,1996.0,1996.0,siloam springs,nan,three lights moving in a triangle formation&#44 no sound&#44 all three lights went out at the same moment,"== �--== -=--=- �=------===--====-==-=--=-=-==-__;;;;.______________ RESEARCH TRIANGLE INSTITUTE /RTI Contract No ■- FO4703-91-C-0112 RTI Report No. RTl/5180/77-43F September 10, 1996 Modeling Unlikely Space-Booster Failures in Risk Calculations Final Report Prepared for Department of the Air Force 45th Space Wing (AFSPC) Safety Office - 45 SW/SE Patrick AFB, FL 32925 and Department of theAir Force 30th SpaceWing (AFSPC) 19961025 122 Safety Offic",extracted_document_text,0.0525,,1.0,0.3333,0.4245,"used text, date, entity; location ignored because PURSUE location is missing, non-terrestrial, or too broad"
57484,59_214434_SP 16 [7.18.1963],1963-07-17,1963-07-18,day,1963.0,1963.0,boston,nan,It was a nice warm night to hang on the back porch. I saw a bright triangular light in the sky&#44 very high up. It was doing loops and,"If a suitable refueling base had been painfully established on our moon, the operation could be done quite commendably with merely chemical energy. (The afore- mentioned high energy chemical rocket could carry at favorable times almost 50% payload back to Mars.) Of course, many flying saucer advo- cates claim that the discovery of both Martian moons within a week in the latter part of the Nineteenth Century indicates that they are large artificia",extracted_document_text,0.0612,,0.95,0.3333,0.4119,"used text, date, entity; location ignored because PURSUE location is missing, non-terrestrial, or too broad"
28762,38_143685_box_Incident_Summaries_173-233,1996-02-27,,none,,,detroit,nan,I was a commuter airline pilot at the time (co-pilot). We were flying from Pittsburg&#44 PA to Saginaw&#44 michigan at an altitude of 16&#44000,"\, Sica Mam! twer - ow l oyw y: A pilot since l • not a bo'bb7 o'bJeet clt.D ¥bile w tahinc anot r a1niran i .,,b, r of (, jlC:: ( ·) 1 -li ~ • 0 jt { !"" , : Al 1. ., 100 '° 15() tN\ 1n dlaetez­ ..",extracted_document_text,0.136,,,1.0,0.3952,"used text, entity; location ignored because PURSUE location is missing, non-terrestrial, or too broad"
56456,59_64634_711.5612[7-2852,1952-07-15,1952-07-18,day,1952.0,1952.0,new york city (bronx),nan,My friends and I were sitting on the roof of a building and saw 6 rows of 6 stars in formation then did a 90 degree turn in formation,"The chief reasons for this were a combination of scientific theory, scientific knowledge, f and rel igious belief. The most widely accepted scientific theory as to the formation of the solar planetary system held that it was a re- sult of the near collisfon of two stars. Since such a p r ~cise ne: r-miss Q/ ~-j:f('IAI .-.J, n ...",extracted_document_text,0.0529,,0.9,0.3333,0.3913,"used text, date, entity; location ignored because PURSUE location is missing, non-terrestrial, or too broad"
56496,59_214434_SP 16 [7.18.1963],1963-07-15,1963-07-18,day,1963.0,1963.0,virginia beach,nan,4 glowing circles 40 ft in diameter flying in rigid formation - aerial acrobatics 100 ft off the beach for > 15 minutes -many witnesses,"If a suitable refueling base had been painfully established on our moon, the operation could be done quite commendably with merely chemical energy. (The afore- mentioned high energy chemical rocket could carry at favorable times almost 50% payload back to Mars.) Of course, many flying saucer advo- cates claim that the discovery of both Martian moons within a week in the latter part of the Nineteenth Century indicates that they are large artificia",extracted_document_text,0.0417,,0.9,0.3333,0.3861,"used text, date, entity; location ignored because PURSUE location is missing, non-terrestrial, or too broad"
73133,"State Department UAP Cable 5, Mexico, September 16, 2003",2003-09-11,2003-09-12,day,2003.0,2003.0,mebane,Mexico,saw a bright light with red and green lights sitting in the sky&#44 too slow for a plane&#44moving very slowly to the north.,"UNCLA~RED UNCLASSIFIED SBt! MRN: 23 MEXICO 2544 Date/DTG: Sep 16, 2023 / 160150Z SEP 23 From: AMEMBASSY MEXICO Action: WASHDC, SECSTATE Routine E.O: 13526 TAGS: PGOV, PREL, ASEC, TSPA,KJUS, KCRM,MX Captions: SEPISITl~'E Reference: A) 23 MEXICO 2468 B) 23 MEXICO 2166 C) 23 MEXICO 2346 Subject: (U) Mexico: Weekly Political Blotter, Sep 11-15 (U} Mexico: Weekly Political Blotter, Sep 11-15 1.",extracted_document_text,0.0345,0.3448,0.95,0.3333,0.3858,"used text, date, entity, location"
19618,"State Department UAP Cable 4, Ashgabat, Turkmenistan, November 5, 2004",2004-12-02,2004-11-05,day,2004.0,2004.0,lindsborg,Turkmenistan,West of Lindsborg Kansas is a Military bombing range. These craft have been seen on many Occasions&#44 especially when bombing practice is,"Members of the Union have attended international UFO fora and published on the subject, but most members assured the DCM, they had limited or no interest in the subject at all. UOU President Ovezberdy Muradov said the Turkmen military and government authorities had consulted him about mysterious occurrences in Turkmen airspace, but he said there had been no confirmed sightings of UFOs in Turkmenistan. Peace on Earth 5.",extracted_document_text,0.0495,0.2439,0.62,1.0,0.3833,"used text, date, entity, location"
27343,38_143685_box_Incident_Summaries_173-233,2005-02-19,,none,,,cleburne,nan,red dot &#44 way too fast for man kind&#44 no sound .figure eights in sky 1x then shot and see like a cartoon/IM A PILOT MY SELF...,. Di ctic Sound ••~ 0 by 0 J.. ct(:s) ·- .,extracted_document_text,0.1173,,,1.0,0.3821,"used text, entity; location ignored because PURSUE location is missing, non-terrestrial, or too broad"
27291,38_143685_box_Incident_Summaries_173-233,2014-02-18,,none,,,tucson,nan,REPORT FROM ATP PILOT: 3 orange orbs size&#44 distance&#44 altitude unknown WSW of Picture Rocks&#44 visible 30 secs&#44 then blinked out.,"\, Sica Mam! twer - ow l oyw y: A pilot since l • not a bo'bb7 o'bJeet clt.D ¥bile w tahinc anot r a1niran i .,,b, r of (, jlC:: ( ·) 1 -li ~ • 0 jt { !"" , : Al 1. ., 100 '° 15() tN\ 1n dlaetez­ ..",extracted_document_text,0.1165,,,1.0,0.3816,"used text, entity; location ignored because PURSUE location is missing, non-terrestrial, or too broad"
74332,"State Department UAP Cable 5, Mexico, September 16, 2003",2003-09-14,2003-09-12,day,2003.0,2003.0,costa mesa,Mexico,Bright light moving fast across the sky,"Experts asked legislators to recognize UAP, guarantee airspace security, and allow UAP to be studied. Experts also presented to Congress two alleged alien corpses and videos of Mexican pilots' encounters with fast-moving flying objects during flight. After IReleased in Fulll UNCLA~RED Page5of7 UNCLA~RED the hearing, Graves lamented the display took away from his and other pilots' experiences with UAP and expressed disappointment with Maussan's ""u",extracted_document_text,0.0332,0.3784,0.9,0.3333,0.3812,"used text, date, entity, location"
73873,"State Department UAP Cable 5, Mexico, September 16, 2003",2003-09-12,2003-09-12,day,2003.0,2003.0,selah,Mexico,Multiple light formations seen in Selah WA.,"~ Former Foreign Secretary Marcelo Ebrard announced September 11 he wou ld challenge the results of MORENA's presidential contender selection Released in Full John Powers, Acting-Director US Department of State 2/25/2026 UNCLA~RED Page1of7 UNCLA~RED process, alleging irregularities. On September 10, Sonora Governor and MORENA National Council President Alfonso Durazo formally certified the results of the party's selection process; while Durazo in",extracted_document_text,0.017,0.2963,1.0,0.3333,0.38,"used text, date, entity, location"
45969,38_143685_box_Incident_Summaries_173-233,2012-05-06,,none,,,oak lawn,nan,Pilot might of saw what I saw and object flying was maybe just a Chinese Candle or Chinese Latern.,"\, Sica Mam! twer - ow l oyw y: A pilot since l • not a bo'bb7 o'bJeet clt.D ¥bile w tahinc anot r a1niran i .,,b, r of (, jlC:: ( ·) 1 -li ~ • 0 jt { !"" , : Al 1. ., 100 '° 15() tN\ 1n dlaetez­ ..",extracted_document_text,0.1113,,,1.0,0.3779,"used text, entity; location ignored because PURSUE location is missing, non-terrestrial, or too broad"
60732,38_143685_box_Incident_Summaries_173-233,1976-07-30,,none,,,south africa,nan,Three pilot crews from 3 different airlines observed and confirmed seeing an unidentified flying object.,"\, Sica Mam! twer - ow l oyw y: A pilot since l • not a bo'bb7 o'bJeet clt.D ¥bile w tahinc anot r a1niran i .,,b, r of (, jlC:: ( ·) 1 -li ~ • 0 jt { !"" , : Al 1. ., 100 '° 15() tN\ 1n dlaetez­ ..",extracted_document_text,0.1093,,,1.0,0.3765,"used text, entity; location ignored because PURSUE location is missing, non-terrestrial, or too broad"
27819,"DOW-UAP-D49, Launch Summary, Vandenberg AFB, 2000",2000-02-02,2000-02-03,day,1958.0,2000.0,glenwood landing,nan,I HAD SEEN AN AIRCRAFT ON THE HORIZON FIFST AS A CIGAR THEN A BALL,"The first seven ""live"" Pegasus flights, beginning on 5 April 90, as well as the inert flights, originated from the Ames/Dryden Flight Research facility at Edwards AFB, California. They were carried alof.t by a modified 8-52 aircraft provided",extracted_document_text,0.0637,,0.95,0.1429,0.3749,"used text, date, entity; location ignored because PURSUE location is missing, non-terrestrial, or too broad"
4457,38_143685_box_Incident_Summaries_173-233,,,none,,,pell city (33.56&#39 52&quot;n - 86.15&#39 00&quot; w),nan,Commmercial pilot driving East on I-20&#44 notice object out left window&#44 object is small&#44 bright pulsing white&#44 headed toward ground at a,"\, Sica Mam! twer - ow l oyw y: A pilot since l • not a bo'bb7 o'bJeet clt.D ¥bile w tahinc anot r a1niran i .,,b, r of (, jlC:: ( ·) 1 -li ~ • 0 jt { !"" , : Al 1. ., 100 '° 15() tN\ 1n dlaetez­ ..",extracted_document_text,0.1051,,,1.0,0.3735,"used text, entity; location ignored because PURSUE location is missing, non-terrestrial, or too broad"
188,38_143685_box_Incident_Summaries_173-233,2008-10-10,,none,,,carlin,nan,Ufo sighting in Carlin&#44 NV&#44 at the pilot truck stop. 500 Lights On Object0: Yes,"\, Sica Mam! twer - ow l oyw y: A pilot since l • not a bo'bb7 o'bJeet clt.D ¥bile w tahinc anot r a1niran i .,,b, r of (, jlC:: ( ·) 1 -li ~ • 0 jt { !"" , : Al 1. ., 100 '° 15() tN\ 1n dlaetez­ ..",extracted_document_text,0.1047,,,1.0,0.3733,"used text, entity; location ignored because PURSUE location is missing, non-terrestrial, or too broad"
64137,38_143685_box_Incident_Summaries_173-233,1979-08-10,,none,,,tinley park,nan,I wondered what idiot helicopter pilot was hovering so dangerously close above me,"\, Sica Mam! twer - ow l oyw y: A pilot since l • not a bo'bb7 o'bJeet clt.D ¥bile w tahinc anot r a1niran i .,,b, r of (, jlC:: ( ·) 1 -li ~ • 0 jt { !"" , : Al 1. ., 100 '° 15() tN\ 1n dlaetez­ ..",extracted_document_text,0.1048,,,1.0,0.3733,"used text, entity; location ignored because PURSUE location is missing, non-terrestrial, or too broad"
72863,"State Department UAP Cable 5, Mexico, September 16, 2003",2003-09-10,2003-09-12,day,2003.0,2003.0,kenai,Mexico,A Light In The Sky,"~ Former Foreign Secretary Marcelo Ebrard announced September 11 he wou ld challenge the results of MORENA's presidential contender selection Released in Full John Powers, Acting-Director US Department of State 2/25/2026 UNCLA~RED Page1of7 UNCLA~RED process, alleging irregularities. On September 10, Sonora Governor and MORENA National Council President Alfonso Durazo formally certified the results of the party's selection process; while Durazo in",extracted_document_text,0.0153,0.3704,0.9,0.3333,0.373,"used text, date, entity, location"
40222,38_143685_box_Incident_Summaries_173-233,2009-04-04,,none,,,pilot rock,nan,ufo sighting in pilot mountain&#44 north carolina,"\, Sica Mam! twer - ow l oyw y: A pilot since l • not a bo'bb7 o'bJeet clt.D ¥bile w tahinc anot r a1niran i .,,b, r of (, jlC:: ( ·) 1 -li ~ • 0 jt { !"" , : Al 1. ., 100 '° 15() tN\ 1n dlaetez­ ..",extracted_document_text,0.1009,,,1.0,0.3706,"used text, entity; location ignored because PURSUE location is missing, non-terrestrial, or too broad"
79601,38_143685_box_Incident_Summaries_173-233,2008-09-06,,none,,,las vegas,nan,PILOT OBSERVATION: Four lights climb and pace commercial airline flight.,"\, Sica Mam! twer - ow l oyw y: A pilot since l • not a bo'bb7 o'bJeet clt.D ¥bile w tahinc anot r a1niran i .,,b, r of (, jlC:: ( ·) 1 -li ~ • 0 jt { !"" , : Al 1. ., 100 '° 15() tN\ 1n dlaetez­ ..",extracted_document_text,0.1005,,,1.0,0.3703,"used text, entity; location ignored because PURSUE location is missing, non-terrestrial, or too broad"
31034,38_143685_box_Incident_Summaries_173-233,1997-03-13,,none,,,phoenix,nan,Airline pilot views Phoenix lights from Interstate 10&#44 while driving to work.,"\, Sica Mam! twer - ow l oyw y: A pilot since l • not a bo'bb7 o'bJeet clt.D ¥bile w tahinc anot r a1niran i .,,b, r of (, jlC:: ( ·) 1 -li ~ • 0 jt { !"" , : Al 1. ., 100 '° 15() tN\ 1n dlaetez­ ..",extracted_document_text,0.1,,,1.0,0.37,"used text, entity; location ignored because PURSUE location is missing, non-terrestrial, or too broad"
16084,38_143685_box_Incident_Summaries_173-233,2007-11-08,,none,,,cleveland,nan,Private Pilot/Amateur Astronomer Witnesses Satellite-like Object Make 2 Course Corrections,"\, Sica Mam! twer - ow l oyw y: A pilot since l • not a bo'bb7 o'bJeet clt.D ¥bile w tahinc anot r a1niran i .,,b, r of (, jlC:: ( ·) 1 -li ~ • 0 jt { !"" , : Al 1. ., 100 '° 15() tN\ 1n dlaetez­ ..",extracted_document_text,0.0956,,,1.0,0.3669,"used text, entity; location ignored because PURSUE location is missing, non-terrestrial, or too broad"
75240,"DOW-UAP-D48, Department of the Air Force Report, 1996",1996-09-17,1996-09-10,day,1996.0,1996.0,williamstown,nan,three points of light in the shape of triangle slowly moved across the sky.,"== �--== -=--=- �=------===--====-==-=--=-=-==-__;;;;.______________ RESEARCH TRIANGLE INSTITUTE /RTI Contract No ■- FO4703-91-C-0112 RTI Report No. RTl/5180/77-43F September 10, 1996 Modeling Unlikely Space-Booster Failures in Risk Calculations Final Report Prepared for Department of the Air Force 45th Space Wing (AFSPC) Safety Office - 45 SW/SE Patrick AFB, FL 32925 and Department of theAir Force 30th SpaceWing (AFSPC) 19961025 122 Safety Offic",extracted_document_text,0.0577,,0.82,0.3333,0.3669,"used text, date, entity; location ignored because PURSUE location is missing, non-terrestrial, or too broad"
44692,38_143685_box_Incident_Summaries_173-233,1995-05-28,,none,,,eagle creek,nan,Comm. pilot/ATP (14k hrs.) witnesses large&#44 extremely bright&#44 flaming obj. descend steeply in W sky. Dramatic. Good rept.,"\, Sica Mam! twer - ow l oyw y: A pilot since l • not a bo'bb7 o'bJeet clt.D ¥bile w tahinc anot r a1niran i .,,b, r of (, jlC:: ( ·) 1 -li ~ • 0 jt { !"" , : Al 1. ., 100 '° 15() tN\ 1n dlaetez­ ..",extracted_document_text,0.0953,,,1.0,0.3667,"used text, entity; location ignored because PURSUE location is missing, non-terrestrial, or too broad"
28467,38_143685_box_Incident_Summaries_173-233,2014-02-24,,none,,,briceville,nan,Small&#44 stealth craft appeared to go down three miles East of Pilot Mountain.,"\, Sica Mam! twer - ow l oyw y: A pilot since l • not a bo'bb7 o'bJeet clt.D ¥bile w tahinc anot r a1niran i .,,b, r of (, jlC:: ( ·) 1 -li ~ • 0 jt { !"" , : Al 1. ., 100 '° 15() tN\ 1n dlaetez­ ..",extracted_document_text,0.0939,,,1.0,0.3657,"used text, entity; location ignored because PURSUE location is missing, non-terrestrial, or too broad"
33441,38_143685_box_Incident_Summaries_173-233,2004-03-25,,none,,,omaha,nan,Air Traffic Controller receives a report from airline pilot of UFO&#39s,"\, Sica Mam! twer - ow l oyw y: A pilot since l • not a bo'bb7 o'bJeet clt.D ¥bile w tahinc anot r a1niran i .,,b, r of (, jlC:: ( ·) 1 -li ~ • 0 jt { !"" , : Al 1. ., 100 '° 15() tN\ 1n dlaetez­ ..",extracted_document_text,0.0934,,,1.0,0.3654,"used text, entity; location ignored because PURSUE location is missing, non-terrestrial, or too broad"
31533,38_143685_box_Incident_Summaries_173-233,1995-03-15,,none,,,vienna,nan,Retired senior comm. pilot&#44 wife&#44 &amp; daughter (comm. pilot) see obj. streak vertically down in western sky.,"\, Sica Mam! twer - ow l oyw y: A pilot since l • not a bo'bb7 o'bJeet clt.D ¥bile w tahinc anot r a1niran i .,,b, r of (, jlC:: ( ·) 1 -li ~ • 0 jt { !"" , : Al 1. ., 100 '° 15() tN\ 1n dlaetez­ ..",extracted_document_text,0.0929,,,1.0,0.365,"used text, entity; location ignored because PURSUE location is missing, non-terrestrial, or too broad"
41392,38_143685_box_Incident_Summaries_173-233,2006-05-11,,none,,,pilot mound (canada),nan,&quot;V&quot; shaped object seen near Pilot Mound Manitoba.,"\, Sica Mam! twer - ow l oyw y: A pilot since l • not a bo'bb7 o'bJeet clt.D ¥bile w tahinc anot r a1niran i .,,b, r of (, jlC:: ( ·) 1 -li ~ • 0 jt { !"" , : Al 1. ., 100 '° 15() tN\ 1n dlaetez­ ..",extracted_document_text,0.0924,,,1.0,0.3647,"used text, entity; location ignored because PURSUE location is missing, non-terrestrial, or too broad"
40478,38_143685_box_Incident_Summaries_173-233,1998-04-06,,none,,,edwards afb (vicinity),nan,Airine pilot sights UFO over California; USMC F/A-18 vectored to object by Joshua Control.,"\, Sica Mam! twer - ow l oyw y: A pilot since l • not a bo'bb7 o'bJeet clt.D ¥bile w tahinc anot r a1niran i .,,b, r of (, jlC:: ( ·) 1 -li ~ • 0 jt { !"" , : Al 1. ., 100 '° 15() tN\ 1n dlaetez­ ..",extracted_document_text,0.0917,,,1.0,0.3642,"used text, entity; location ignored because PURSUE location is missing, non-terrestrial, or too broad"
8784,38_143685_box_Incident_Summaries_173-233,2011-11-12,,none,,,harrisonburg,nan,Brilliant spherical object traveling S to N at low alt.&#44 high rate of speed with no sound. ((NUFORC Note: Report from USN pilot. PD)),. Di ctic Sound ••~ 0 by 0 J.. ct(:s) ·- .,extracted_document_text,0.0912,,,1.0,0.3638,"used text, entity; location ignored because PURSUE location is missing, non-terrestrial, or too broad"
27821,"DOW-UAP-D49, Launch Summary, Vandenberg AFB, 2000",2000-02-02,2000-02-03,day,1958.0,2000.0,seattle (corner of mercer and queen anne avenues),nan,I heard a loud aircraft sound.Looked up and saw two very large unidenified aircraft. flying very slow&#44 very low&#44and very close together,"Launch dates reflect Vandenberg local time. The information is further grouped into two matrixes titled: ""ANNUAL LAUNCH SUMMARY BY BOOSTER"" and ""ANNUAL LAUNCH SUMMARY BY COMMAND."" Two additional items contained in this document are a ""LAUNCH FACILITY GUIDE"" and a ''GLOSSARY."" In the main chronology section, the two columns reporting cumulative numbers by booster and command represent only Vandenberg operations. They do not include, for instance, ",extracted_document_text,0.0279,,0.95,0.1667,0.363,"used text, date, entity; location ignored because PURSUE location is missing, non-terrestrial, or too broad"
74359,38_143685_box_Incident_Summaries_173-233,2005-09-14,,none,,,vincennes,nan,Night sighting of shape changing object sighted over Vinncennes IN&#44 by experienced balloon pilot.,"\, Sica Mam! twer - ow l oyw y: A pilot since l • not a bo'bb7 o'bJeet clt.D ¥bile w tahinc anot r a1niran i .,,b, r of (, jlC:: ( ·) 1 -li ~ • 0 jt { !"" , : Al 1. ., 100 '° 15() tN\ 1n dlaetez­ ..",extracted_document_text,0.0891,,,1.0,0.3624,"used text, entity; location ignored because PURSUE location is missing, non-terrestrial, or too broad"
7131,38_143685_box_Incident_Summaries_173-233,2010-10-08,,none,,,bath,nan,I am a pilot and have never seen anything like this in the air or while on the ground.,"\, Sica Mam! twer - ow l oyw y: A pilot since l • not a bo'bb7 o'bJeet clt.D ¥bile w tahinc anot r a1niran i .,,b, r of (, jlC:: ( ·) 1 -li ~ • 0 jt { !"" , : Al 1. ., 100 '° 15() tN\ 1n dlaetez­ ..",extracted_document_text,0.0878,,,1.0,0.3614,"used text, entity; location ignored because PURSUE location is missing, non-terrestrial, or too broad"
26836,38_143685_box_Incident_Summaries_173-233,1996-02-16,,none,,,ithaca,nan,Woman &amp; husband (pilot) see very large&#44 illuminated obj.&#44 shaped like &quot;upside down cage on a blimp&#44&quot; pass overhead. Good rept..,"\, Sica Mam! twer - ow l oyw y: A pilot since l • not a bo'bb7 o'bJeet clt.D ¥bile w tahinc anot r a1niran i .,,b, r of (, jlC:: ( ·) 1 -li ~ • 0 jt { !"" , : Al 1. ., 100 '° 15() tN\ 1n dlaetez­ ..",extracted_document_text,0.0877,,,1.0,0.3614,"used text, entity; location ignored because PURSUE location is missing, non-terrestrial, or too broad"
62762,59_64634_711.5612[7-2852,1952-07-05,1952-07-18,day,1952.0,1952.0,tacoma,nan,6 spheres flying in formation over military base in Tacoma Wash. the size of 747&#39s.,"The..!.!Ying saucer advocates claim, of course, that the scientific viewpoint ~ s e n s e, and that there is overwhelming evidence of such beings. In my own mind, I find it difficult to side with the flying saucer advocates, but the almost total impossibility envisioned by - most scientists also is disturbing. Therefore, I present t h e problem in current perspective, as I see it.",extracted_document_text,0.0448,,0.72,0.5,0.3609,"used text, date, entity; location ignored because PURSUE location is missing, non-terrestrial, or too broad"
73126,"State Department UAP Cable 5, Mexico, September 16, 2003",2003-09-11,2003-09-12,day,2003.0,2003.0,lake charles,Mexico,We saw one large craft that changed colors and later on we saw 2 other crafts that were smaller and emitted a red light.,"Experts also presented to Congress two alleged alien corpses and videos of Mexican pilots' encounters with fast-moving flying objects during flight. After IReleased in Fulll UNCLA~RED Page5of7 UNCLA~RED the hearing, Graves lamented the display took away from his and other pilots' experiences with UAP and expressed disappointment with Maussan's ""unsubstantiated stunt."" Scientists have discredited previous alleged alien corpses Maussan presented as",extracted_document_text,0.0347,0.2439,0.95,0.3333,0.3606,"used text, date, entity, location"
25599,38_143685_box_Incident_Summaries_173-233,2009-02-10,,none,,,mesa,nan,Private pilot and passenger witness UFO in flight in northern Arizona Skies,"\, Sica Mam! twer - ow l oyw y: A pilot since l • not a bo'bb7 o'bJeet clt.D ¥bile w tahinc anot r a1niran i .,,b, r of (, jlC:: ( ·) 1 -li ~ • 0 jt { !"" , : Al 1. ., 100 '° 15() tN\ 1n dlaetez­ ..",extracted_document_text,0.086,,,1.0,0.3602,"used text, entity; location ignored because PURSUE location is missing, non-terrestrial, or too broad"
36087,38_143685_box_Incident_Summaries_173-233,2001-04-01,,none,,,port angeles,nan,Sighting of a UFO that could not be explained by a physics professor / pilot.,"\, Sica Mam! twer - ow l oyw y: A pilot since l • not a bo'bb7 o'bJeet clt.D ¥bile w tahinc anot r a1niran i .,,b, r of (, jlC:: ( ·) 1 -li ~ • 0 jt { !"" , : Al 1. ., 100 '° 15() tN\ 1n dlaetez­ ..",extracted_document_text,0.0847,,,1.0,0.3593,"used text, entity; location ignored because PURSUE location is missing, non-terrestrial, or too broad"
15421,38_143685_box_Incident_Summaries_173-233,2011-01-16,,none,,,roswell,nan,I was on flight American Airlines 1924 on January 16&#44 2011. The pilot announced that we were on descent just over Nevada bordering New,"\, Sica Mam! twer - ow l oyw y: A pilot since l • not a bo'bb7 o'bJeet clt.D ¥bile w tahinc anot r a1niran i .,,b, r of (, jlC:: ( ·) 1 -li ~ • 0 jt { !"" , : Al 1. ., 100 '° 15() tN\ 1n dlaetez­ ..",extracted_document_text,0.0847,,,1.0,0.3593,"used text, entity; location ignored because PURSUE location is missing, non-terrestrial, or too broad"
74014,38_143685_box_Incident_Summaries_173-233,2012-09-12,,none,,,beaverton,nan,I&#39m a pilot. At dusk&#44 after work&#44 I saw a golden&#44 metallic saucer-shaped object in the sky. It came from the south and was probably a,"\, Sica Mam! twer - ow l oyw y: A pilot since l • not a bo'bb7 o'bJeet clt.D ¥bile w tahinc anot r a1niran i .,,b, r of (, jlC:: ( ·) 1 -li ~ • 0 jt { !"" , : Al 1. ., 100 '° 15() tN\ 1n dlaetez­ ..",extracted_document_text,0.0846,,,1.0,0.3592,"used text, entity; location ignored because PURSUE location is missing, non-terrestrial, or too broad"
58246,38_143685_box_Incident_Summaries_173-233,1995-07-20,,none,,,renton,nan,Man (pilot&#44 astronomer) witnesses very bright obj. moving fast across sky. Disappeared from sight behind trees.,"\, Sica Mam! twer - ow l oyw y: A pilot since l • not a bo'bb7 o'bJeet clt.D ¥bile w tahinc anot r a1niran i .,,b, r of (, jlC:: ( ·) 1 -li ~ • 0 jt { !"" , : Al 1. ., 100 '° 15() tN\ 1n dlaetez­ ..",extracted_document_text,0.0844,,,1.0,0.3591,"used text, entity; location ignored because PURSUE location is missing, non-terrestrial, or too broad"
48573,18_6369445_General_1948_Vol_1,1948-06-15,1948-06-15,day,1948.0,1948.0,borger,nan,Dull silver disk flying west at incredible speed making no sound above swimmers in pool.,"r . LAFiJ ~ubj : Heport of ""Flying Discs"" (4) Col or - phosphorescent (5) ~peed & Great amount of speed (6) heading - 90° (7) Lanueverability - not knovm (8) iltitude - 6 to 8 miles (9J ....ound - unknown to this liq . • (10) J.!,)(}1aust trail or not - rhosphorescent tTail in the sh-y FOJ Th..,, Cu..,_,rn~1)1N(r G...11.,.t.rthl.",extracted_document_text,0.0534,,1.0,0.0,0.3582,"used text, date, entity; location ignored because PURSUE location is missing, non-terrestrial, or too broad"
75239,"DOW-UAP-D48, Department of the Air Force Report, 1996",1996-09-17,1996-09-10,day,1996.0,1996.0,lee&#39s summit,nan,triangle with 3 white lights on the bottom and 1 red light on top,"== �--== -=--=- �=------===--====-==-=--=-=-==-__;;;;.______________ RESEARCH TRIANGLE INSTITUTE /RTI Contract No ■- FO4703-91-C-0112 RTI Report No. RTl/5180/77-43F September 10, 1996 Modeling Unlikely Space-Booster Failures in Risk Calculations Final Report Prepared for Department of the Air Force 45th Space Wing (AFSPC) Safety Office - 45 SW/SE Patrick AFB, FL 32925 and Department of theAir Force 30th SpaceWing (AFSPC) 19961025 122 Safety Offic",extracted_document_text,0.0382,,0.82,0.3333,0.3578,"used text, date, entity; location ignored because PURSUE location is missing, non-terrestrial, or too broad"
16103,38_143685_box_Incident_Summaries_173-233,2008-11-08,,none,,,san clemente,nan,A very recent Foo Fighter following a small plane. Maybe pilot reported.,"\, Sica Mam! twer - ow l oyw y: A pilot since l • not a bo'bb7 o'bJeet clt.D ¥bile w tahinc anot r a1niran i .,,b, r of (, jlC:: ( ·) 1 -li ~ • 0 jt { !"" , : Al 1. ., 100 '° 15() tN\ 1n dlaetez­ ..",extracted_document_text,0.0823,,,1.0,0.3576,"used text, entity; location ignored because PURSUE location is missing, non-terrestrial, or too broad"
73428,"DOW-UAP-D48, Department of the Air Force Report, 1996",1996-09-01,1996-09-10,day,1996.0,1996.0,new holland (rural),nan,Witnessed an object with 3 lights forming an equilateral triangle on its bottom plane that hovered and made no noise.,"== �--== -=--=- �=------===--====-==-=--=-=-==-__;;;;.______________ RESEARCH TRIANGLE INSTITUTE /RTI Contract No ■- FO4703-91-C-0112 RTI Report No. RTl/5180/77-43F September 10, 1996 Modeling Unlikely Space-Booster Failures in Risk Calculations Final Report Prepared for Department of the Air Force 45th Space Wing (AFSPC) Safety Office - 45 SW/SE Patrick AFB, FL 32925 and Department of theAir Force 30th SpaceWing (AFSPC) 19961025 122 Safety Offic",extracted_document_text,0.0357,,0.72,0.5,0.3567,"used text, date, entity; location ignored because PURSUE location is missing, non-terrestrial, or too broad"
70646,38_143685_box_Incident_Summaries_173-233,2004-08-30,,none,,,atlantic ocean (inflight),nan,Beacon type flashes over the Atlantic (Pilot report),"\, Sica Mam! twer - ow l oyw y: A pilot since l • not a bo'bb7 o'bJeet clt.D ¥bile w tahinc anot r a1niran i .,,b, r of (, jlC:: ( ·) 1 -li ~ • 0 jt { !"" , : Al 1. ., 100 '° 15() tN\ 1n dlaetez­ ..",extracted_document_text,0.0756,,,1.0,0.3529,"used text, entity; location ignored because PURSUE location is missing, non-terrestrial, or too broad"
77852,38_143685_box_Incident_Summaries_173-233,2009-09-26,,none,,,manchester,nan,High Altitude silver object hovering over central New Hampshire on 9/26/09. ((NUFORC Note: Report from airline pilot. PD)),"\, Sica Mam! twer - ow l oyw y: A pilot since l • not a bo'bb7 o'bJeet clt.D ¥bile w tahinc anot r a1niran i .,,b, r of (, jlC:: ( ·) 1 -li ~ • 0 jt { !"" , : Al 1. ., 100 '° 15() tN\ 1n dlaetez­ ..",extracted_document_text,0.074,,,1.0,0.3518,"used text, entity; location ignored because PURSUE location is missing, non-terrestrial, or too broad"
56498,59_214434_SP 16 [7.18.1963],1963-07-15,1963-07-18,day,1963.0,1963.0,santa ana,nan,siteing of a strange object.,".· {'\ Clf'l/\1 lll'\r- f'\ 11 \/ EXECUTIVE OFFICE OF THE PRESIDEN T NATION AL AERO N A UT I C S and SP A CE WASIDNGTON 18, 1963 MEMORANDUM FOR Mr. Robert F .",extracted_document_text,0.1095,,0.9,0.0,0.3511,"used text, date, entity; location ignored because PURSUE location is missing, non-terrestrial, or too broad"
20551,38_143685_box_Incident_Summaries_173-233,2011-12-25,,none,,,pompano beach,nan,LARGE BRIGHT ORANGE OBJECT. ((NUFORC Note: Report from 16&#44000-hour pilot. PD)),"\, Sica Mam! twer - ow l oyw y: A pilot since l • not a bo'bb7 o'bJeet clt.D ¥bile w tahinc anot r a1niran i .,,b, r of (, jlC:: ( ·) 1 -li ~ • 0 jt { !"" , : Al 1. ., 100 '° 15() tN\ 1n dlaetez­ ..",extracted_document_text,0.0703,,,1.0,0.3492,"used text, entity; location ignored because PURSUE location is missing, non-terrestrial, or too broad"
4671,38_143685_box_Incident_Summaries_173-233,2000-10-26,,none,,,agency,nan,Reflective object see on ground by pilot.,"\, Sica Mam! twer - ow l oyw y: A pilot since l • not a bo'bb7 o'bJeet clt.D ¥bile w tahinc anot r a1niran i .,,b, r of (, jlC:: ( ·) 1 -li ~ • 0 jt { !"" , : Al 1. ., 100 '° 15() tN\ 1n dlaetez­ ..",extracted_document_text,0.0701,,,1.0,0.3491,"used text, entity; location ignored because PURSUE location is missing, non-terrestrial, or too broad"
72850,"State Department UAP Cable 5, Mexico, September 16, 2003",2003-09-10,2003-09-12,day,2003.0,2003.0,glenfield,Mexico,A bright light almost a peach color&#44 faded completely then reappeared again after several minutes,"~ Former Foreign Secretary Marcelo Ebrard announced September 11 he wou ld challenge the results of MORENA's presidential contender selection Released in Full John Powers, Acting-Director US Department of State 2/25/2026 UNCLA~RED Page1of7 UNCLA~RED process, alleging irregularities. On September 10, Sonora Governor and MORENA National Council President Alfonso Durazo formally certified the results of the party's selection process; while Durazo in",extracted_document_text,0.0064,0.2857,0.9,0.3333,0.3487,"used text, date, entity, location"
66439,"DOW-UAP-D48, Department of the Air Force Report, 1996",1996-08-15,1996-09-10,day,1996.0,1996.0,plattsburg,nan,High altitude high speed triangle with red light on each tip performing complex geometric maneuvers.,"PERFORMING ORGANIZATION NAME(S) AND ADDRESS(ES) 8. PERFORMING ORGANIZATION REPORT NUMBER Research Triangle Institute * ACTA, Inc. ** 113000 N.",extracted_document_text,0.1603,,0.62,0.3333,0.3482,"used text, date, entity; location ignored because PURSUE location is missing, non-terrestrial, or too broad"
20134,18_100754_ General 1946-7_Vol_2,1947-12-24,1947-12-30,day,1946.0,1947.0,whitmore lake,nan,Dec. 24&#44 1947 cigar shaped lighted object above the trees near Ann Arbor&#44 Michigan,"r·ourth Jdr Force, Hamilton f'ld,Calif. dated 5 Dec '47 subj: as above a. \.l 4.",extracted_document_text,0.1601,,0.82,0.0,0.348,"used text, date, entity; location ignored because PURSUE location is missing, non-terrestrial, or too broad"
74824,"State Department UAP Cable 5, Mexico, September 16, 2003",2003-09-15,2003-09-12,day,2003.0,2003.0,valliant,Mexico,At Valiant OK&#44 on 09/15/2003&#44 in the late morning I saw an oddly bright light&#44 then it fade out.,"~ Former Foreign Secretary Marcelo Ebrard announced September 11 he wou ld challenge the results of MORENA's presidential contender selection Released in Full John Powers, Acting-Director US Department of State 2/25/2026 UNCLA~RED Page1of7 UNCLA~RED process, alleging irregularities. On September 10, Sonora Governor and MORENA National Council President Alfonso Durazo formally certified the results of the party's selection process; while Durazo in",extracted_document_text,0.032,0.2424,0.9,0.3333,0.3468,"used text, date, entity, location"
74339,"State Department UAP Cable 5, Mexico, September 16, 2003",2003-09-14,2003-09-12,day,2003.0,2003.0,vernal,Mexico,Wobbling bright &quot;twinkling star&quot; exhibits white/yellowish light along with bluish and red randomly flashing lights.,"(U) Figure 1: Mexican journalist Jaime Maussan presented the alleged remains of non-human beings to Congress. (Photo credit: Reuters) Signature: SALAZAR Drafted By: MEXICO:Moreno, Sergio A POL:Cortazar, Eduardo POL:Karimi, Amanda EXEC:Tejeda, Maria de los Angeles Cleared By: POL:Naranjo, Brian POL:Karimi, Amanda ECON:Conlon, Steven PD:Harder, J INL/PROG:Okwuje, lfeoma CONS/AG:Bernsteen, Gregory Approved By: EXEC:Johnson, Mark IReleased in Fulll U",extracted_document_text,0.0061,0.2759,0.9,0.3333,0.3461,"used text, date, entity, location"
73131,"State Department UAP Cable 5, Mexico, September 16, 2003",2003-09-11,2003-09-12,day,2003.0,2003.0,tupper lake,Mexico,1 strange light in the Sky then 3 big orange lights. Both were gone Within 30 minutes,"~ Former Foreign Secretary Marcelo Ebrard announced September 11 he wou ld challenge the results of MORENA's presidential contender selection Released in Full John Powers, Acting-Director US Department of State 2/25/2026 UNCLA~RED Page1of7 UNCLA~RED process, alleging irregularities. On September 10, Sonora Governor and MORENA National Council President Alfonso Durazo formally certified the results of the party's selection process; while Durazo in",extracted_document_text,0.0184,0.2051,0.95,0.3333,0.3452,"used text, date, entity, location"
17225,255_t_763_r1b_transcripts,1965-12-01,1965-12-05,day,1965.0,1965.0,poughkeepsie,Low Earth Orbit,Early evening encounter at intersection near Arlington High School with object hovering obove interestion&#44 then quickly disappearing.,"HOUSTON: LOUD AND CLEAR SEVEN - GO AHEAD. s/c (BORMAN) A BOGEY AT TEN 0 1 CLOCK HIGH. HOUSTON THIS IS HOUSTON, SAY AGAIN SEVEN?",extracted_document_text,0.152,,0.82,0.0,0.3442,"used text, date, entity; location ignored because PURSUE location is missing, non-terrestrial, or too broad"
41725,38_143685_box_Incident_Summaries_173-233,,,none,,,uk/england,nan,&#39Mile-wide UFO&#39 spotted by British airline pilot,"\, Sica Mam! twer - ow l oyw y: A pilot since l • not a bo'bb7 o'bJeet clt.D ¥bile w tahinc anot r a1niran i .,,b, r of (, jlC:: ( ·) 1 -li ~ • 0 jt { !"" , : Al 1. ., 100 '° 15() tN\ 1n dlaetez­ ..",extracted_document_text,0.0623,,,1.0,0.3436,"used text, entity; location ignored because PURSUE location is missing, non-terrestrial, or too broad"
14902,38_143685_box_Incident_Summaries_173-233,2005-01-15,,none,,,birmingham,nan,Craft puzzled by pilot...,"\, Sica Mam! twer - ow l oyw y: A pilot since l • not a bo'bb7 o'bJeet clt.D ¥bile w tahinc anot r a1niran i .,,b, r of (, jlC:: ( ·) 1 -li ~ • 0 jt { !"" , : Al 1. ., 100 '° 15() tN\ 1n dlaetez­ ..",extracted_document_text,0.0618,,,1.0,0.3432,"used text, entity; location ignored because PURSUE location is missing, non-terrestrial, or too broad"
28922,38_143685_box_Incident_Summaries_173-233,1996-02-28,,none,,,bothell,nan,Man repts. seeing a large&#44 extremely bright &quot;red&#44 blue&#44 and whitish&quot; obj. streaking from S to NW. Former pilot&#44 estimates Mach 3+.,"\, Sica Mam! twer - ow l oyw y: A pilot since l • not a bo'bb7 o'bJeet clt.D ¥bile w tahinc anot r a1niran i .,,b, r of (, jlC:: ( ·) 1 -li ~ • 0 jt { !"" , : Al 1. ., 100 '° 15() tN\ 1n dlaetez­ ..",extracted_document_text,0.0612,,,1.0,0.3429,"used text, entity; location ignored because PURSUE location is missing, non-terrestrial, or too broad"
43753,38_143685_box_Incident_Summaries_173-233,2012-05-02,,none,,,brownfield,nan,Dual traingle craft spotted. ((NUFORC Note: Report from licensed pilot. PD)),"\, Sica Mam! twer - ow l oyw y: A pilot since l • not a bo'bb7 o'bJeet clt.D ¥bile w tahinc anot r a1niran i .,,b, r of (, jlC:: ( ·) 1 -li ~ • 0 jt { !"" , : Al 1. ., 100 '° 15() tN\ 1n dlaetez­ ..",extracted_document_text,0.0601,,,1.0,0.3421,"used text, entity; location ignored because PURSUE location is missing, non-terrestrial, or too broad"
26803,38_143685_box_Incident_Summaries_173-233,2013-02-15,,none,,,crosby,nan,Unconventional flying object observered by police off/licensed pilot.,"\, Sica Mam! twer - ow l oyw y: A pilot since l • not a bo'bb7 o'bJeet clt.D ¥bile w tahinc anot r a1niran i .,,b, r of (, jlC:: ( ·) 1 -li ~ • 0 jt { !"" , : Al 1. ., 100 '° 15() tN\ 1n dlaetez­ ..",extracted_document_text,0.0601,,,1.0,0.342,"used text, entity; location ignored because PURSUE location is missing, non-terrestrial, or too broad"
56497,59_214434_SP 16 [7.18.1963],1963-07-15,1963-07-18,day,1963.0,1963.0,oklahoma city,nan,UFO sighting in Summer of 1963 or 1964 in Oklahoma City,".· {'\ Clf'l/\1 lll'\r- f'\ 11 \/ EXECUTIVE OFFICE OF THE PRESIDEN T NATION AL AERO N A UT I C S and SP A CE WASIDNGTON 18, 1963 MEMORANDUM FOR Mr. Robert F .",extracted_document_text,0.0895,,0.9,0.0,0.3418,"used text, date, entity; location ignored because PURSUE location is missing, non-terrestrial, or too broad"
72857,"State Department UAP Cable 5, Mexico, September 16, 2003",2003-09-10,2003-09-12,day,2003.0,2003.0,bozeman,Mexico,green laser beam that was big shot threw the sky for 15 minuts then vanished like some one truned off the light swich,"~ Former Foreign Secretary Marcelo Ebrard announced September 11 he wou ld challenge the results of MORENA's presidential contender selection Released in Full John Powers, Acting-Director US Department of State 2/25/2026 UNCLA~RED Page1of7 UNCLA~RED process, alleging irregularities. On September 10, Sonora Governor and MORENA National Council President Alfonso Durazo formally certified the results of the party's selection process; while Durazo in",extracted_document_text,0.0062,0.2581,0.9,0.3333,0.3417,"used text, date, entity, location"
18211,38_143685_box_Incident_Summaries_173-233,1974-12-15,,none,,,beaumont,nan,Watched star like object on the horizan go up in an arch and then approach me and fly close enough so I could see the pilot.,"\, Sica Mam! twer - ow l oyw y: A pilot since l • not a bo'bb7 o'bJeet clt.D ¥bile w tahinc anot r a1niran i .,,b, r of (, jlC:: ( ·) 1 -li ~ • 0 jt { !"" , : Al 1. ., 100 '° 15() tN\ 1n dlaetez­ ..",extracted_document_text,0.0595,,,1.0,0.3416,"used text, entity; location ignored because PURSUE location is missing, non-terrestrial, or too broad"
73123,"State Department UAP Cable 5, Mexico, September 16, 2003",2003-09-11,2003-09-12,day,2003.0,2003.0,windsor,Mexico,Silent&#44 low flying&#44 multi-light triangle shaped ufo.,"~ Former Foreign Secretary Marcelo Ebrard announced September 11 he wou ld challenge the results of MORENA's presidential contender selection Released in Full John Powers, Acting-Director US Department of State 2/25/2026 UNCLA~RED Page1of7 UNCLA~RED process, alleging irregularities. On September 10, Sonora Governor and MORENA National Council President Alfonso Durazo formally certified the results of the party's selection process; while Durazo in",extracted_document_text,0.0041,0.2581,0.95,0.25,0.341,"used text, date, entity, location"
23117,"State Department UAP Cable 1, Papua New Guinea, January 28, 1985",1985-01-27,1985-01-24,day,1985.0,1985.0,hermiston,Papua New Guinea,Me and my buddies were out camping&#44 when we heard a muffled bang. We looked up and there was three bright flashes of blue light&#44 then 3,"4. ALTHOUGH INFORMATION PROVIDED US ON THESE SIGHTINGS IS VERY SKETCHY AND SOURCES WERE UNSURE OF THE DIRECTIONS IN WHICH AIRCRAFT WERE FLYING, WE WOULD MOST APPRECIATE CONFIRMATION OF PARA 3 ABOVE AND ANY LIGHT YOU MIGHT THROW ON THESE REPORTS. GARDNER LIMITED OFFICIAL USE NNN UNCLASSIFIED Page 2 of 3 UNCLASSIFIED CSP-2025-00040 B-00002707027 ""UNCLASSIFIED"" 3/2/20 26 Dissemination Rule: Archive Copy UNCLASSIFIED UNCLASSIFIED Page 3 of 3",extracted_document_text,0.0332,0.2667,0.9,0.25,0.3408,"used text, date, entity, location"
74830,"State Department UAP Cable 5, Mexico, September 16, 2003",2003-09-15,2003-09-12,day,2003.0,2003.0,pireway,Mexico,One orange light divides into two,"~ Former Foreign Secretary Marcelo Ebrard announced September 11 he wou ld challenge the results of MORENA's presidential contender selection Released in Full John Powers, Acting-Director US Department of State 2/25/2026 UNCLA~RED Page1of7 UNCLA~RED process, alleging irregularities. On September 10, Sonora Governor and MORENA National Council President Alfonso Durazo formally certified the results of the party's selection process; while Durazo in",extracted_document_text,0.0029,0.2581,0.9,0.3333,0.3405,"used text, date, entity, location"
74833,"State Department UAP Cable 5, Mexico, September 16, 2003",2003-09-15,2003-09-12,day,2003.0,2003.0,abingdon,Mexico,a large&#44 perfectly round light&#44 much larger and brighter than any star,"~ Former Foreign Secretary Marcelo Ebrard announced September 11 he wou ld challenge the results of MORENA's presidential contender selection Released in Full John Powers, Acting-Director US Department of State 2/25/2026 UNCLA~RED Page1of7 UNCLA~RED process, alleging irregularities. On September 10, Sonora Governor and MORENA National Council President Alfonso Durazo formally certified the results of the party's selection process; while Durazo in",extracted_document_text,0.008,0.2424,0.9,0.3333,0.3384,"used text, date, entity, location"
42664,38_143685_box_Incident_Summaries_173-233,2011-05-15,,none,,,portsmouth area,nan,Near hit with an unidentified object at 41000ft in eastern US. ((NUFORC Note: Report from commercial pilot. PD)),"\, Sica Mam! twer - ow l oyw y: A pilot since l • not a bo'bb7 o'bJeet clt.D ¥bile w tahinc anot r a1niran i .,,b, r of (, jlC:: ( ·) 1 -li ~ • 0 jt { !"" , : Al 1. ., 100 '° 15() tN\ 1n dlaetez­ ..",extracted_document_text,0.0548,,,1.0,0.3384,"used text, entity; location ignored because PURSUE location is missing, non-terrestrial, or too broad"
74836,"State Department UAP Cable 5, Mexico, September 16, 2003",2003-09-15,2003-09-12,day,2003.0,2003.0,mount gilead,Mexico,Craft with light too low and too quiet for a plane and too often to ignore anymore.,"~ Former Foreign Secretary Marcelo Ebrard announced September 11 he wou ld challenge the results of MORENA's presidential contender selection Released in Full John Powers, Acting-Director US Department of State 2/25/2026 UNCLA~RED Page1of7 UNCLA~RED process, alleging irregularities. On September 10, Sonora Governor and MORENA National Council President Alfonso Durazo formally certified the results of the party's selection process; while Durazo in",extracted_document_text,0.0066,0.2439,0.9,0.3333,0.3383,"used text, date, entity, location"
72841,"State Department UAP Cable 5, Mexico, September 16, 2003",2003-09-10,2003-09-12,day,2003.0,2003.0,valley springs,Mexico,Very bright light seen in California sky.,"~ Former Foreign Secretary Marcelo Ebrard announced September 11 he wou ld challenge the results of MORENA's presidential contender selection Released in Full John Powers, Acting-Director US Department of State 2/25/2026 UNCLA~RED Page1of7 UNCLA~RED process, alleging irregularities. On September 10, Sonora Governor and MORENA National Council President Alfonso Durazo formally certified the results of the party's selection process; while Durazo in",extracted_document_text,0.0216,0.2222,0.9,0.3333,0.3381,"used text, date, entity, location"
74832,"State Department UAP Cable 5, Mexico, September 16, 2003",2003-09-15,2003-09-12,day,2003.0,2003.0,north myrtle beach,Mexico,Between the hours of 20:00 adn 21:00 on 9/15/2003&#44 looking out over the ocean. We saw one round light splint into two then disappear. T,"~ Former Foreign Secretary Marcelo Ebrard announced September 11 he wou ld challenge the results of MORENA's presidential contender selection Released in Full John Powers, Acting-Director US Department of State 2/25/2026 UNCLA~RED Page1of7 UNCLA~RED process, alleging irregularities. On September 10, Sonora Governor and MORENA National Council President Alfonso Durazo formally certified the results of the party's selection process; while Durazo in",extracted_document_text,0.0423,0.1887,0.9,0.3333,0.337,"used text, date, entity, location"
14900,"State Department UAP Cable 4, Ashgabat, Turkmenistan, November 5, 2004",2005-01-15,2004-11-05,day,2004.0,2004.0,kildeer,Turkmenistan,Electro camoflage military?,"Members of the Union have attended international UFO fora and published on the subject, but most members assured the DCM, they had limited or no interest in the subject at all. UOU President Ovezberdy Muradov said the Turkmen military and government authorities had consulted him about mysterious occurrences in Turkmen airspace, but he said there had been no confirmed sightings of UFOs in Turkmenistan. Peace on Earth 5.",extracted_document_text,0.0194,0.2703,0.45,1.0,0.3368,"used text, date, entity, location"
72858,"State Department UAP Cable 5, Mexico, September 16, 2003",2003-09-10,2003-09-12,day,2003.0,2003.0,soap lake,Mexico,10-20 Blinking light crafts near Soap Lake&#44 WA,"~ Former Foreign Secretary Marcelo Ebrard announced September 11 he wou ld challenge the results of MORENA's presidential contender selection Released in Full John Powers, Acting-Director US Department of State 2/25/2026 UNCLA~RED Page1of7 UNCLA~RED process, alleging irregularities. On September 10, Sonora Governor and MORENA National Council President Alfonso Durazo formally certified the results of the party's selection process; while Durazo in",extracted_document_text,0.0056,0.2286,0.9,0.3333,0.3341,"used text, date, entity, location"
79748,"State Department UAP Cable 5, Mexico, September 16, 2003",2003-09-07,2003-09-12,day,2003.0,2003.0,millville,Mexico,Bright light low on the horizon with eratic flight path and speeds.,"~ Former Foreign Secretary Marcelo Ebrard announced September 11 he wou ld challenge the results of MORENA's presidential contender selection Released in Full John Powers, Acting-Director US Department of State 2/25/2026 UNCLA~RED Page1of7 UNCLA~RED process, alleging irregularities. On September 10, Sonora Governor and MORENA National Council President Alfonso Durazo formally certified the results of the party's selection process; while Durazo in",extracted_document_text,0.0217,0.2857,0.82,0.3333,0.334,"used text, date, entity, location"
75280,"State Department UAP Cable 5, Mexico, September 16, 2003",2003-09-17,2003-09-12,day,2003.0,2003.0,indianapolis,Mexico,family and i seen objects of light moving and hovering south west of downtown light had a tail the first object looked like a tear drop,"Experts asked legislators to recognize UAP, guarantee airspace security, and allow UAP to be studied. Experts also presented to Congress two alleged alien corpses and videos of Mexican pilots' encounters with fast-moving flying objects during flight. After IReleased in Fulll UNCLA~RED Page5of7 UNCLA~RED the hearing, Graves lamented the display took away from his and other pilots' experiences with UAP and expressed disappointment with Maussan's ""u",extracted_document_text,0.0504,0.2439,0.82,0.3333,0.3336,"used text, date, entity, location"
24016,38_143685_box_Incident_Summaries_173-233,1998-01-30,,none,,,dallas,nan,Time: 1850 CST; location: 40nm SSW Dallas; altitude: 6000feet I am a pilot. I was flying into the DFW metroplex on the evening of Janua,"• .....,. left Su""'r.'· y f l~c1d nt : ( S, (' ' t •• C:.l d • lnotd.ent 175 COM 1n for landinc a\ Lo• Al ea Uoe4 t hi.Dg on the obJect he ~r­ tor trana­ perfecU, ciror coin would t e he Judced • • altitude the 50 feet in ahe ill or er ns, air-trail • or t to t.he OD of' nt iiD& \ t hey wat : oai ti n. n , tion led a b not con bel1tf nrl d that the b Yi t h i,ea t !",extracted_document_text,0.0478,,,1.0,0.3335,"used text, entity; location ignored because PURSUE location is missing, non-terrestrial, or too broad"
80169,"State Department UAP Cable 5, Mexico, September 16, 2003",2003-09-09,2003-09-12,day,2003.0,2003.0,rogersville,Mexico,A very bright&#44 twinkling unmoving light in southeastern sky&#44 about 45 degrees elevation.,"~ Former Foreign Secretary Marcelo Ebrard announced September 11 he wou ld challenge the results of MORENA's presidential contender selection Released in Full John Powers, Acting-Director US Department of State 2/25/2026 UNCLA~RED Page1of7 UNCLA~RED process, alleging irregularities. On September 10, Sonora Governor and MORENA National Council President Alfonso Durazo formally certified the results of the party's selection process; while Durazo in",extracted_document_text,0.02,0.2051,0.9,0.3333,0.3333,"used text, date, entity, location"
64765,59_214434_SP 16 [7.18.1963],1963-08-01,1963-07-18,day,1963.0,1963.0,wenatchee,nan,V formation of 7 to 9 lights fly from horizon to horizon,"The chief reasons for this were a combination of scientific theory, scientific knowledge, f and rel igious belief. The most widely accepted scientific theory as to the formation of the solar planetary system held that it was a re- sult of the near collisfon of two stars. Since such a p r ~cise ne: r-miss Q/ ~-j:f('IAI .-.J, n ...",extracted_document_text,0.056,,0.72,0.3333,0.3328,"used text, date, entity; location ignored because PURSUE location is missing, non-terrestrial, or too broad"
74328,"State Department UAP Cable 5, Mexico, September 16, 2003",2003-09-14,2003-09-12,day,2003.0,2003.0,everett,Mexico,Low frequency pulsing sound above house&#44 flash of light and momentary power outage and sound instantly gone,"~ Former Foreign Secretary Marcelo Ebrard announced September 11 he wou ld challenge the results of MORENA's presidential contender selection Released in Full John Powers, Acting-Director US Department of State 2/25/2026 UNCLA~RED Page1of7 UNCLA~RED process, alleging irregularities. On September 10, Sonora Governor and MORENA National Council President Alfonso Durazo formally certified the results of the party's selection process; while Durazo in",extracted_document_text,0.0175,0.1935,0.9,0.3333,0.3295,"used text, date, entity, location"
75761,"State Department UAP Cable 5, Mexico, September 16, 2003",2003-09-19,2003-09-12,day,2003.0,2003.0,hartsel,Mexico,I was looking at the sky Southeast of my location in rural Hartsel&#44 Colorado. There was a very bright light&#44 and I saw flashes of red,"UNCLA~RED UNCLASSIFIED SBt! MRN: 23 MEXICO 2544 Date/DTG: Sep 16, 2023 / 160150Z SEP 23 From: AMEMBASSY MEXICO Action: WASHDC, SECSTATE Routine E.O: 13526 TAGS: PGOV, PREL, ASEC, TSPA,KJUS, KCRM,MX Captions: SEPISITl~'E Reference: A) 23 MEXICO 2468 B) 23 MEXICO 2166 C) 23 MEXICO 2346 Subject: (U) Mexico: Weekly Political Blotter, Sep 11-15 (U} Mexico: Weekly Political Blotter, Sep 11-15 1.",extracted_document_text,0.0287,0.2581,0.82,0.3333,0.3295,"used text, date, entity, location"
56495,59_214434_SP 16 [7.18.1963],1963-07-15,1963-07-18,day,1963.0,1963.0,great lakes,nan,There were lights on the object&#44 hovering&#44 sparks flying&#44 spinning in two different directions at the same time.,"We seem more eager to listen with Ozma than to look closely at Canali. One school of flying saucer advocates claims that the Martians have been mining our moon for natural resources for some time. At first thought, one would think they would rather mine earth.",extracted_document_text,0.0605,,0.9,0.0,0.3282,"used text, date, entity; location ignored because PURSUE location is missing, non-terrestrial, or too broad"
48740,"NASA-UAP-D7, Skylab Techincal Crew Debriefing 1973",1974-06-15,,none,1973.0,1974.0,westline,nan,I was sitting with my friend at Red Bank where the bridge was at the Allegheny Resoivor. We had been fishing and saw a light cross the,"JOHNSON SPACE CENTER Houston, Texas KERWIN Unusual or Unexpected Visual Phenomenon. We saw light flashes. (CONT'D) I think all of us saw them.",extracted_document_text,0.1315,,0.2,1.0,0.328,"used text, date, entity; location ignored because PURSUE location is missing, non-terrestrial, or too broad"
74821,"State Department UAP Cable 5, Mexico, September 16, 2003",2003-09-15,2003-09-12,day,2003.0,2003.0,porttownsend,Mexico,White light&#44 zig zagged across the sky&#44 shot out&#44 stopped then started to blink in colors.,"~ Former Foreign Secretary Marcelo Ebrard announced September 11 he wou ld challenge the results of MORENA's presidential contender selection Released in Full John Powers, Acting-Director US Department of State 2/25/2026 UNCLA~RED Page1of7 UNCLA~RED process, alleging irregularities. On September 10, Sonora Governor and MORENA National Council President Alfonso Durazo formally certified the results of the party's selection process; while Durazo in",extracted_document_text,0.0152,0.1905,0.9,0.3333,0.3279,"used text, date, entity, location"
1713,"341_110677_Numerical_File,_5-2500",1955-10-15,1955-10-14,day,1955.0,1955.0,rhinebeck,Azerbaijan,This very distant star-like point of light came very slowly up over the treeline from the Southwest&#44 stopped.,Authority: NND 857013,extracted_document_text,0.0368,0.3077,0.95,0.0,0.3273,"used text, date, entity, location"
80117,"DOW-UAP-D48, Department of the Air Force Report, 1996",1996-09-09,1996-09-10,day,1996.0,1996.0,savannah,nan,Unable to sleep&#44 looking out window&#44 became aware of something coming over top of building&#44 lit from beneath&#44 almost luminescent. Slowl,"== �--== -=--=- �=------===--====-==-=--=-=-==-__;;;;.______________ RESEARCH TRIANGLE INSTITUTE /RTI Contract No ■- FO4703-91-C-0112 RTI Report No. RTl/5180/77-43F September 10, 1996 Modeling Unlikely Space-Booster Failures in Risk Calculations Final Report Prepared for Department of the Air Force 45th Space Wing (AFSPC) Safety Office - 45 SW/SE Patrick AFB, FL 32925 and Department of theAir Force 30th SpaceWing (AFSPC) 19961025 122 Safety Offic",extracted_document_text,0.0228,,0.95,0.0,0.3273,"used text, date, entity; location ignored because PURSUE location is missing, non-terrestrial, or too broad"
76010,"NASA-UAP-D7, Skylab Techincal Crew Debriefing 1973",1973-09-20,,none,1973.0,1974.0,houston,nan,I was driving home from the Univ. of Houston and was at the light near Foley&#39s warehouse (still in same place) and looked up to my fron,"National Aeronautics and Space Adminutration LYNDON B. JOHNSON SPACE CENTER Houston, Texa,s GI:E,SON are still on the windows. Just what that material is, I'm not ( C(,NT 'D) sure.",extracted_document_text,0.1286,,0.2,1.0,0.3267,"used text, date, entity; location ignored because PURSUE location is missing, non-terrestrial, or too broad"
37332,65_HS1-101634279_100-DE-18221_Serial_844,1958-04-17,1958-04-17,day,1958.0,1958.0,winooski,"Detroit, MI",object hovered&#44 landed then left headed north traveling at 60Kmph&#44 being tracked across USA by several radar sites.,".Office Memorandum • uNITED sTATEs aovERNMENT TO SA C, "":>ETROIT DATE : April 17 , 19~8 FROM SA RC>B.J::RT ""'10S R~YNOLDS SUBJECT : ~...-__.,__....,.~ 1 ~801 -~co~ta , Detroit , Michi g an, r ele p hone No . - 7546, telephonically a dvise ri t h i~ off ice at h : 08 .",extracted_document_text,0.0295,0.2632,1.0,0.0,0.3261,"used text, date, entity, location"
56454,59_64634_711.5612[7-2852,1952-07-15,1952-07-18,day,1952.0,1952.0,south gate,nan,I was about 11 years old at the time&#44 and a friend of the same age was visiting. We both saw what look like a halo in the sky. Within,"The escape speed of Mars is only 161 500 fps, and, of course, braking speed on our moon is less than 10, 000 fps. Thus, Martians look- ing at earth would tend to view it the same way Terrestrials look at Jupiter. Our moon might not be less work to get to, since atmospheric braking to earth is possible, but would be very much easier to return from, while the energy requirements to go to and return from the surface of the earth might well be so hig",extracted_document_text,0.056,,0.9,0.0,0.3261,"used text, date, entity; location ignored because PURSUE location is missing, non-terrestrial, or too broad"
72277,"NASA-UAP-D7, Skylab Techincal Crew Debriefing 1973",1974-08-08,,none,1973.0,1974.0,mentor,nan,It wasn&#39t just a light&#44 a shape or a &quot;ball&quot;. This thing had the mechanics&#44 details and lights. And of course it was dead silent&#33,"JOHNSON SPACE CENTER Houston, Texas KERWIN Unusual or Unexpected Visual Phenomenon. We saw light flashes. (CONT'D) I think all of us saw them.",extracted_document_text,0.1272,,0.2,1.0,0.326,"used text, date, entity; location ignored because PURSUE location is missing, non-terrestrial, or too broad"
75097,"State Department UAP Cable 5, Mexico, September 16, 2003",2003-09-16,2003-09-12,day,2003.0,2003.0,elba,Mexico,light in sky changing course moving at rapid rate of speed&#44 no sound. Four witnesses,"~ Former Foreign Secretary Marcelo Ebrard announced September 11 he wou ld challenge the results of MORENA's presidential contender selection Released in Full John Powers, Acting-Director US Department of State 2/25/2026 UNCLA~RED Page1of7 UNCLA~RED process, alleging irregularities. On September 10, Sonora Governor and MORENA National Council President Alfonso Durazo formally certified the results of the party's selection process; while Durazo in",extracted_document_text,0.0302,0.24,0.82,0.3333,0.3256,"used text, date, entity, location"
75292,"State Department UAP Cable 5, Mexico, September 16, 2003",2003-09-17,2003-09-12,day,2003.0,2003.0,orlando,Mexico,2 witnesses viewed 4 triangular objects over Orlando with white flashing lights &amp; a red light underneath in the upper atmosphere.,"(U) Figure 1: Mexican journalist Jaime Maussan presented the alleged remains of non-human beings to Congress. (Photo credit: Reuters) Signature: SALAZAR Drafted By: MEXICO:Moreno, Sergio A POL:Cortazar, Eduardo POL:Karimi, Amanda EXEC:Tejeda, Maria de los Angeles Cleared By: POL:Naranjo, Brian POL:Karimi, Amanda ECON:Conlon, Steven PD:Harder, J INL/PROG:Okwuje, lfeoma CONS/AG:Bernsteen, Gregory Approved By: EXEC:Johnson, Mark IReleased in Fulll U",extracted_document_text,0.0153,0.2581,0.82,0.3333,0.3249,"used text, date, entity, location"
66897,"DOW-UAP-D48, Department of the Air Force Report, 1996",1996-08-16,1996-09-10,day,1996.0,1996.0,fairfield,nan,Triangle shape observed on bright sunny day,"== �--== -=--=- �=------===--====-==-=--=-=-==-__;;;;.______________ RESEARCH TRIANGLE INSTITUTE /RTI Contract No ■- FO4703-91-C-0112 RTI Report No. RTl/5180/77-43F September 10, 1996 Modeling Unlikely Space-Booster Failures in Risk Calculations Final Report Prepared for Department of the Air Force 45th Space Wing (AFSPC) Safety Office - 45 SW/SE Patrick AFB, FL 32925 and Department of theAir Force 30th SpaceWing (AFSPC) 19961025 122 Safety Offic",extracted_document_text,0.0378,,0.62,0.5,0.3243,"used text, date, entity; location ignored because PURSUE location is missing, non-terrestrial, or too broad"
1227,"NASA-UAP-D7, Skylab Techincal Crew Debriefing 1973",1973-10-13,,none,1973.0,1974.0,weldon,nan,Me and my brother was coming home from a friends house and we saw a red flashing light what liked to be over a friends house. After a f,"JOHNSON SPACE CENTER Houston, Texas KERWIN Unusual or Unexpected Visual Phenomenon. We saw light flashes. (CONT'D) I think all of us saw them.",extracted_document_text,0.1235,,0.2,1.0,0.3243,"used text, date, entity; location ignored because PURSUE location is missing, non-terrestrial, or too broad"
79741,"State Department UAP Cable 5, Mexico, September 16, 2003",2003-09-07,2003-09-12,day,2003.0,2003.0,montebello,Mexico,Red ball of light over East Los Angeles,"(U) Figure 1: Mexican journalist Jaime Maussan presented the alleged remains of non-human beings to Congress. (Photo credit: Reuters) Signature: SALAZAR Drafted By: MEXICO:Moreno, Sergio A POL:Cortazar, Eduardo POL:Karimi, Amanda EXEC:Tejeda, Maria de los Angeles Cleared By: POL:Naranjo, Brian POL:Karimi, Amanda ECON:Conlon, Steven PD:Harder, J INL/PROG:Okwuje, lfeoma CONS/AG:Bernsteen, Gregory Approved By: EXEC:Johnson, Mark IReleased in Fulll U",extracted_document_text,0.0382,0.2162,0.82,0.3333,0.3224,"used text, date, entity, location"
48734,"NASA-UAP-D7, Skylab Techincal Crew Debriefing 1973",1973-06-15,,none,1973.0,1974.0,whitesburg,nan,Star-like light flashes different colors&#44 hovers&#44 and moves horizontally over 20 minute period.,"JOHNSON SPACE CENTER Houston, Texas KERWIN Unusual or Unexpected Visual Phenomenon. We saw light flashes. (CONT'D) I think all of us saw them.",extracted_document_text,0.1182,,0.2,1.0,0.3218,"used text, date, entity; location ignored because PURSUE location is missing, non-terrestrial, or too broad"
75102,"State Department UAP Cable 5, Mexico, September 16, 2003",2003-09-16,2003-09-12,day,2003.0,2003.0,fort worth,Mexico,Red light that flew almost horizonally then suddenly &quot;fell&quot; from the sky.,"UNCLA~RED UNCLASSIFIED SBt! MRN: 23 MEXICO 2544 Date/DTG: Sep 16, 2023 / 160150Z SEP 23 From: AMEMBASSY MEXICO Action: WASHDC, SECSTATE Routine E.O: 13526 TAGS: PGOV, PREL, ASEC, TSPA,KJUS, KCRM,MX Captions: SEPISITl~'E Reference: A) 23 MEXICO 2468 B) 23 MEXICO 2166 C) 23 MEXICO 2346 Subject: (U) Mexico: Weekly Political Blotter, Sep 11-15 (U} Mexico: Weekly Political Blotter, Sep 11-15 1.",extracted_document_text,0.0343,0.2162,0.82,0.3333,0.321,"used text, date, entity, location"
75279,"State Department UAP Cable 5, Mexico, September 16, 2003",2003-09-17,2003-09-12,day,2003.0,2003.0,elk grove,Mexico,I saw a moving star like light in space flash a bright lite at me then turned on spotlight at it and it came back and did it again.,"~ Former Foreign Secretary Marcelo Ebrard announced September 11 he wou ld challenge the results of MORENA's presidential contender selection Released in Full John Powers, Acting-Director US Department of State 2/25/2026 UNCLA~RED Page1of7 UNCLA~RED process, alleging irregularities. On September 10, Sonora Governor and MORENA National Council President Alfonso Durazo formally certified the results of the party's selection process; while Durazo in",extracted_document_text,0.0253,0.2286,0.82,0.3333,0.321,"used text, date, entity, location"
